age,gender,height,weight,body fat percentage,Resting BPM,Target BPM,active BPM,Intensity Assessment,
20,M,167.8,68.6,18.9,40,136,98,EASY,걷기
22,M,168,72.7,19.9,50,138.8,97,EASY,조깅
30,F,162.1,44.6,10.4,52,134.8,111,EASY,런닝머신
59,F,157,68.2,42.8,53,117.8,153,HARD,사이클링
63,F,156.6,61.6,37.2,53,115.4,125,HARD,수영
18,F,155.7,49.3,32.3,54,142.8,142,HARD,댄스
42,M,168.4,72.2,18.1,55,128.8,104,EASY,에어로빅
62,F,150.9,55.8,30.5,55,116.8,106,NORMAL,체조
47,F,158,60.4,31.9,55,125.8,113,NORMAL,필라테스
21,F,171.4,51.4,21.5,55,141.4,119,EASY,요가
56,F,166.1,51.3,18.3,56,120.8,138,HARD,골프
34,F,170.5,59.3,25.9,57,134.4,115,EASY,볼링
62,F,151.6,53.4,32.8,58,118,119,HARD,탁구
30,M,187.7,76.5,21.1,59,137.6,110,EASY,등산
18,F,164.5,62.2,28.7,60,145.2,115,EASY,필라테스
62,F,153.6,57.3,35.6,60,118.8,137,HARD,요가
55,F,163.8,61,32.7,60,123,116,NORMAL,태보
57,F,153.6,68,37,60,121.8,123,HARD,암벽등반
57,F,156.9,55.3,34.7,60,121.8,112,NORMAL,헬스
55,F,153,51.1,31.8,60,123,125,HARD,승마
40,F,162.8,76.2,39.3,60,132,108,EASY,자전거 라이딩
63,M,162,67.5,28.6,60,118.2,114,HARD,캐치볼
32,M,175.2,70.6,13.7,60,136.8,99,EASY,풋살
57,F,158.4,64.4,37.4,60,121.8,128,HARD,걷기
55,F,163.4,81.8,34.9,60,123,124,HARD,조깅
23,F,162,55.7,16.7,60,142.2,117,EASY,런닝머신
24,M,172.1,79.7,17.9,60,141.6,120,EASY,사이클링
27,F,158.6,48.2,21,60,139.8,130,NORMAL,수영
43,F,158.8,53.4,16.6,60,130.2,93,EASY,댄스
60,F,151.1,45.9,16.9,60,120,99,EASY,에어로빅
44,F,162.4,58.5,31.9,60,129.6,136,HARD,체조
17,F,156.4,59.1,38.3,61,146.2,135,NORMAL,필라테스
53,M,171.6,75.7,19.6,61,124.6,104,EASY,요가
36,M,179.7,90.6,24.7,61,134.8,102,EASY,골프
59,F,148.6,54.4,31.7,61,121,125,HARD,볼링
63,M,162.1,50.9,23.7,61,118.6,116,HARD,탁구
64,M,166.3,71.2,24.6,61,118,93,EASY,등산
53,F,167.7,64,26.8,61,124.6,106,EASY,필라테스
22,F,171.8,56.4,22.7,61,143.2,131,NORMAL,요가
20,F,166.3,76.4,29.2,61,144.4,100,EASY,태보
18,M,173.1,74.7,22.3,61,145.6,108,EASY,암벽등반
33,M,179.5,68.9,13.2,61,136.6,110,EASY,헬스
18,F,157.5,53.2,24.2,61,145.6,147,HARD,승마
27,F,155,80,12,61,140.2,,EASY,자전거 라이딩
59,M,176.2,67.3,16.1,62,121.4,110,NORMAL,캐치볼
50,F,165.8,60.9,32.7,62,126.8,121,NORMAL,풋살
35,F,156.8,58.4,39.1,62,135.8,90,EASY,걷기
63,M,174.1,75.8,,62,119,103,EASY,조깅
20,M,170,68.4,15.7,62,144.8,154,HARD,런닝머신
48,F,160.2,59.2,28.4,62,128,128,HARD,사이클링
25,F,170,75.7,37.7,62,141.8,103,EASY,수영
36,F,161.6,53.9,29,62,135.2,126,NORMAL,댄스
23,M,179.7,74.9,18.8,62,143,101,EASY,에어로빅
54,F,157.5,59.7,34.9,63,124.8,133,HARD,체조
32,F,164.6,54,21.2,63,138,141,HARD,필라테스
17,M,171.7,74.4,9.4,63,147,108,EASY,요가
21,M,171,63.4,21.1,63,144.6,119,EASY,골프
64,F,149,52.6,28.6,63,118.8,140,HARD,볼링
63,M,167.6,74.4,25.4,63,119.4,114,NORMAL,탁구
21,F,162.9,52.2,29.4,63,144.6,120,EASY,등산
25,F,163.1,48.4,27.5,63,142.2,144,HARD,필라테스
55,F,157.3,52.1,31.8,63,124.2,129,HARD,요가
18,M,163.9,65.9,16.1,63,146.4,111,EASY,태보
38,M,179.4,63.4,8.8,63,134.4,109,EASY,암벽등반
30,M,175.3,78.8,20.4,64,139.6,120,EASY,헬스
32,F,163.7,56.3,19.8,64,138.4,104,EASY,승마
56,M,168.7,70.9,25.1,64,124,100,EASY,자전거 라이딩
18,M,174,73.6,19.3,64,146.8,115,EASY,캐치볼
18,M,165.5,91.1,30.9,64,146.8,122,EASY,풋살
18,M,175.3,82.5,25.7,64,146.8,124,EASY,걷기
21,M,168.6,77.9,27.8,64,145,132,NORMAL,조깅
27,M,165.7,66.2,15,64,141.4,114,EASY,런닝머신
38,F,166,54.2,11.4,64,134.8,107,EASY,사이클링
39,M,175.3,90.3,22.3,64,134.2,104,EASY,수영
60,F,160.4,62.3,40.1,64,121.6,140,HARD,댄스
27,F,160.7,53.9,26.9,65,141.8,123,EASY,에어로빅
34,F,163.8,92.2,42,65,137.6,143,HARD,체조
19,F,168.2,63.6,23.5,65,146.6,131,EASY,필라테스
17,M,174.6,80.7,26.2,65,147.8,120,EASY,요가
51,F,149,44.6,30.6,65,127.4,112,EASY,골프
18,M,177.2,70,14.4,65,147.2,107,EASY,볼링
51,F,164.5,61.8,30.2,65,127.4,131,HARD,탁구
55,F,164.3,77.1,36.3,65,125,138,HARD,등산
60,F,155.2,61.1,40.7,65,122,115,NORMAL,필라테스
19,M,176.4,70.7,11.2,65,146.6,100,EASY,요가
20,M,179.4,65.7,12.3,65,146,104,EASY,태보
43,F,166.2,84.9,39,65,132.2,129,HARD,암벽등반
40,F,166.6,46.5,19.4,65,134,119,EASY,헬스
45,F,163.5,47.1,16.3,65,131,119,NORMAL,승마
24,F,166,53.1,21.1,65,143.6,124,EASY,자전거 라이딩
54,F,158.4,55.3,27.3,65,125.6,132,HARD,캐치볼
27,F,163.4,59.5,37.2,65,141.8,122,EASY,풋살
61,F,155.7,49.1,29.8,65,121.4,149,HARD,걷기
20,F,164,48.2,18.4,65,146,103,EASY,조깅
61,F,153,58.8,33.8,65,121.4,125,HARD,런닝머신
49,F,158,62.7,33.7,66,129,119,NORMAL,사이클링
23,M,174.5,53.6,16.5,66,144.6,128,EASY,수영
25,F,166,49.5,28.5,66,143.4,132,NORMAL,댄스
32,M,172.7,68.5,25.3,66,139.2,117,EASY,에어로빅
49,M,183,74.5,17.2,66,129,104,EASY,체조
26,F,168.4,68.1,31.3,66,142.8,149,HARD,필라테스
49,F,167.4,67.3,25.8,66,129,130,HARD,요가
22,F,163.9,56.7,31.1,66,145.2,122,EASY,골프
48,F,153,45.2,24.8,66,129.6,130,HARD,볼링
34,F,151.4,64,42.9,66,138,165,HARD,탁구
23,M,183,69.9,19.5,66,144.6,151,HARD,등산
52,F,153.7,46.3,28.6,66,127.2,142,HARD,필라테스
33,M,175.2,84.6,23.6,66,138.6,114,EASY,요가
63,M,169.8,71,24.2,66,120.6,120,HARD,태보
54,F,159.7,71,39.5,66,126,123,HARD,암벽등반
22,M,180.6,88.1,12.6,67,145.6,114,EASY,헬스
18,F,163.8,68.8,31.5,67,148,144,HARD,승마
27,F,163.1,55.8,25.4,67,142.6,140,HARD,자전거 라이딩
18,F,160,57.1,28.4,67,148,128,EASY,캐치볼
56,F,165.7,59.4,25.7,67,125.2,103,EASY,풋살
19,F,153.3,45.1,18.7,67,147.4,109,EASY,걷기
36,M,174.2,79.8,14.4,67,137.2,118,EASY,조깅
28,M,166.3,73.7,21.8,67,142,129,NORMAL,런닝머신
36,M,173,79.6,32.5,67,137.2,121,EASY,사이클링
29,F,160.5,56.4,31,67,141.4,120,EASY,수영
37,F,156,44.3,25.2,67,136.6,124,NORMAL,댄스
22,F,162.6,62.6,33,68,146,143,HARD,에어로빅
52,F,153.5,43.5,19.2,68,128,109,EASY,체조
54,F,154.6,49.5,28.5,68,126.8,112,NORMAL,필라테스
59,F,162.9,53.2,32.8,68,123.8,123,HARD,요가
36,F,159.2,62.4,35.6,68,137.6,115,EASY,골프
63,M,161.8,67.1,30.1,68,121.4,109,NORMAL,볼링
25,F,167.2,61.5,29.5,68,144.2,115,EASY,탁구
18,M,183.8,86.3,22.5,68,148.4,125,EASY,등산
35,F,158.5,43.1,23.1,68,138.2,116,EASY,필라테스
23,F,169.1,55.8,22.3,68,145.4,153,HARD,요가
48,M,184.1,94.9,20,68,130.4,114,EASY,태보
54,M,184,67.5,11.9,68,126.8,125,HARD,암벽등반
45,F,152,51.2,34.3,68,132.2,108,EASY,헬스
62,F,152.7,46,27.1,68,122,118,HARD,승마
50,F,146.8,53.7,36.5,68,129.2,125,HARD,자전거 라이딩
39,F,160.6,54,23.4,68,135.8,141,HARD,캐치볼
60,F,163.3,54.3,21.6,68,123.2,129,HARD,풋살
60,M,163,68,27,68,123.2,114,NORMAL,걷기
30,M,170,75.4,22.6,68,141.2,112,EASY,조깅
58,M,175,73.8,22.8,68,124.4,104,EASY,런닝머신
30,M,175.9,80.4,20.3,68,141.2,120,EASY,사이클링
63,M,170.9,80.3,21.7,68,121.4,104,EASY,수영
20,M,184.6,76.1,14.4,68,147.2,104,EASY,댄스
54,F,160.2,71,37.5,68,126.8,132,HARD,에어로빅
42,F,166.3,60.1,24.4,69,134.4,114,EASY,체조
23,M,176.5,67.8,14.4,69,145.8,93,EASY,필라테스
49,F,158.8,68,40.7,69,130.2,143,HARD,요가
55,F,160.2,81.7,38.8,69,126.6,163,HARD,골프
51,M,166.2,68.7,18.4,69,129,109,EASY,볼링
25,M,172.7,68.6,16.4,69,144.6,120,EASY,탁구
56,M,168.1,91.2,31.8,69,126,107,EASY,등산
18,M,181.9,86.5,21.9,69,148.8,120,EASY,필라테스
31,F,165.3,59.3,35.3,69,141,117,EASY,요가
55,F,152.9,68.5,43.2,69,126.6,125,HARD,태보
24,F,168.5,59.4,25.1,69,145.2,113,EASY,암벽등반
30,F,165.5,66.1,35,69,141.6,136,NORMAL,헬스
25,F,169.5,61.7,36.8,69,144.6,123,EASY,승마
22,M,169,64.9,12.8,69,146.4,129,EASY,자전거 라이딩
27,M,172.8,67.3,15.5,69,143.4,118,EASY,캐치볼
27,F,160.7,61.8,33.7,69,143.4,139,HARD,풋살
21,F,174.1,61.8,30.2,69,147,128,EASY,걷기
62,F,153.9,52,31.9,69,122.4,129,HARD,조깅
60,M,172.5,70.5,19.7,69,123.6,135,HARD,런닝머신
53,F,157.7,64.7,37.6,69,127.8,133,HARD,사이클링
24,F,168.1,61.4,27.2,69,145.2,132,NORMAL,수영
47,F,163.6,63.4,28.6,69,131.4,130,HARD,댄스
23,F,163.5,56.9,28.4,69,145.8,122,EASY,에어로빅
49,F,159.9,61,37.2,69,130.2,120,NORMAL,체조
22,F,154.6,57.1,31.3,69,146.4,129,EASY,필라테스
50,F,155.4,61.6,36.1,70,130,145,HARD,요가
19,F,161.4,48.1,19.4,70,148.6,154,HARD,골프
50,F,158.2,57.9,35.5,70,130,134,HARD,볼링
26,M,185.2,79.2,17.3,70,144.4,122,EASY,탁구
62,M,165.9,61.2,7.8,70,122.8,110,NORMAL,등산
28,F,153.2,56.2,26.3,70,143.2,123,EASY,필라테스
23,F,169,53,21.3,70,146.2,131,EASY,요가
49,M,173.4,88.8,29.5,70,130.6,114,EASY,태보
24,M,173.4,70.7,12,70,145.6,107,EASY,암벽등반
39,F,158.2,45.1,18.9,70,136.6,123,NORMAL,헬스
61,F,155.1,59.8,32.5,70,123.4,121,HARD,승마
19,M,168.1,68,27,70,148.6,108,EASY,자전거 라이딩
37,M,163,73.1,33.4,70,137.8,126,NORMAL,캐치볼
26,M,180.3,85.9,19,70,144.4,118,EASY,풋살
20,M,170.3,62.9,14,70,148,125,EASY,걷기
20,F,172.8,65.6,22.3,70,148,129,EASY,조깅
53,F,163.6,63.2,31.4,70,128.2,120,NORMAL,런닝머신
21,M,181.3,84.4,19.8,70,147.4,119,EASY,사이클링
61,F,163.8,66.8,34.2,70,123.4,146,HARD,수영
52,F,166.5,59.1,22.8,70,128.8,129,HARD,댄스
34,F,158.9,52.8,29.3,70,139.6,157,HARD,에어로빅
60,M,169,75.6,27.9,70,124,130,HARD,체조
30,M,167.6,66,27.6,70,142,112,EASY,필라테스
17,M,179.6,56.8,9.1,70,149.8,,EASY,요가
57,F,146.9,53.9,40.3,70,125.8,133,HARD,골프
20,F,161.6,61.8,26.4,70,148,112,EASY,볼링
21,F,174.4,62.9,21.1,70,147.4,124,EASY,탁구
41,M,176.9,76.3,21.7,70,135.4,115,EASY,등산
21,M,168.6,63.5,14.7,70,147.4,114,EASY,필라테스
64,M,162.4,64.2,20.3,71,122,104,EASY,요가
24,M,177.1,75.3,11.2,71,146,122,EASY,태보
54,F,159.9,65.2,35.1,71,128,121,NORMAL,암벽등반
24,F,154.4,49.4,21.2,71,146,128,EASY,헬스
31,F,153.6,73.8,41.5,71,141.8,124,EASY,승마
19,M,175.2,70.7,20.6,71,149,126,EASY,자전거 라이딩
18,F,164.1,53.7,20.7,71,149.6,154,HARD,캐치볼
56,F,167.4,58.1,26.8,71,126.8,124,HARD,풋살
23,M,183.6,89.7,23.2,71,146.6,109,EASY,걷기
48,M,167.5,70.2,13.9,71,131.6,132,HARD,조깅
18,M,174,72.9,12.7,71,149.6,108,EASY,런닝머신
20,F,159.8,58,28.3,71,148.4,130,EASY,사이클링
25,M,185.7,91.3,18,71,145.4,115,EASY,수영
27,F,165.8,55.7,18.5,71,144.2,132,NORMAL,댄스
20,F,164,57.7,35.1,71,148.4,105,EASY,에어로빅
57,M,172,75.4,32,71,126.2,132,HARD,체조
56,F,162.3,58.4,31.9,71,126.8,133,HARD,필라테스
25,F,167.4,51.1,24,71,145.4,125,EASY,요가
22,M,171.1,79.1,18.2,71,147.2,126,EASY,골프
56,M,176.8,71.2,19.4,71,126.8,148,HARD,볼링
63,F,156.7,78.4,46.7,71,122.6,104,EASY,탁구
52,F,157,49.4,26.2,71,129.2,134,HARD,등산
42,M,180.1,70.4,13.3,71,135.2,116,EASY,필라테스
25,F,162.9,69.6,33.3,71,145.4,128,EASY,요가
24,M,168.5,58.8,11.5,72,146.4,107,EASY,태보
32,F,154.2,52.3,25.3,72,141.6,135,NORMAL,암벽등반
22,F,159.8,48.8,28.5,72,147.6,154,HARD,헬스
19,M,167.6,64.6,16.9,72,149.4,115,EASY,승마
58,F,157.4,59.6,34.8,72,126,140,HARD,자전거 라이딩
23,F,168,48.2,21.6,72,147,137,NORMAL,캐치볼
48,F,161.5,57.6,32.2,72,132,130,HARD,풋살
64,F,150.4,53.1,33.5,72,122.4,126,HARD,걷기
51,F,168.6,85.6,41.8,72,130.2,132,HARD,조깅
48,F,160.6,55.8,34.4,72,132,158,HARD,런닝머신
60,F,149.6,49.7,28.4,72,124.8,182,HARD,사이클링
20,F,159.2,56.1,34.2,72,148.8,122,EASY,수영
24,F,169.9,57,26.4,72,146.4,123,EASY,댄스
44,M,174.5,82.7,22.4,72,134.4,113,EASY,에어로빅
27,F,159.1,57,31.3,72,144.6,129,EASY,체조
19,F,171.6,69,34.9,72,149.4,107,EASY,필라테스
21,F,156.7,59.5,27.7,72,148.2,117,EASY,요가
29,F,154.4,55.9,26.5,72,143.4,120,EASY,골프
28,F,159.2,53.3,25.1,72,144,115,EASY,볼링
64,M,172.3,61.8,17.7,72,122.4,145,HARD,탁구
23,F,165.3,50.5,19,72,147,149,HARD,등산
28,F,166.4,74,31,72,144,124,EASY,필라테스
59,F,150.2,68.2,40.4,72,125.4,141,HARD,요가
21,F,162.5,64.6,26.9,72,148.2,130,EASY,태보
46,F,159.3,54.7,34.2,72,133.2,121,NORMAL,암벽등반
60,F,152.7,51.4,26.8,72,124.8,133,HARD,헬스
17,M,174.8,79.2,27.4,73,151,120,EASY,승마
19,M,168,58.7,16.4,73,149.8,131,EASY,자전거 라이딩
28,M,174.1,74,23.7,73,144.4,127,EASY,캐치볼
25,F,165.4,54.2,22.7,73,146.2,139,NORMAL,풋살
17,M,175.1,77.4,21.6,73,151,131,EASY,걷기
27,M,168.9,66,19.2,73,145,125,EASY,조깅
22,M,176.1,93.1,26.3,73,148,117,EASY,런닝머신
18,M,158.9,59.7,15.1,73,150.4,109,EASY,사이클링
64,F,152.1,62.8,41.2,73,122.8,110,NORMAL,수영
20,M,183.3,79.9,14.1,73,149.2,118,EASY,댄스
26,M,179.4,69,13.3,73,145.6,136,NORMAL,에어로빅
55,F,160,52.6,32.8,73,128.2,140,HARD,체조
62,M,165.4,73.7,29.7,73,124,114,NORMAL,필라테스
54,M,176,77.3,22.9,73,128.8,108,EASY,요가
27,M,170.6,66.8,27.4,73,145,140,HARD,골프
19,M,171.4,68.1,10.8,73,149.8,107,EASY,볼링
29,F,162.8,62.2,32.9,73,143.8,136,NORMAL,탁구
59,M,168.4,66.3,25.4,73,125.8,110,EASY,등산
25,M,165.5,59.1,20.9,73,146.2,145,HARD,필라테스
62,M,164.8,70.6,28.7,73,124,116,NORMAL,요가
32,F,163.8,64.4,33.3,73,142,101,EASY,태보
59,M,172.6,68.8,14.3,73,125.8,170,HARD,암벽등반
64,F,148.4,58.7,37.2,73,122.8,105,EASY,헬스
24,F,165.9,63.3,33,73,146.8,150,HARD,승마
61,F,152.9,71.7,40.7,73,124.6,124,HARD,자전거 라이딩
53,F,158.7,43.6,26.6,73,129.4,135,HARD,캐치볼
36,F,171.3,69.4,33.7,73,139.6,129,NORMAL,풋살
62,F,157.8,68.5,33.1,73,124,145,HARD,걷기
23,F,150.8,57.6,32.3,73,147.4,132,EASY,조깅
18,M,177.4,55.28,10.1,73,150.4,145,NORMAL,런닝머신
27,F,155.7,56.1,27.1,73,145,151,HARD,사이클링
45,F,165,52.3,16,73,134.2,122,NORMAL,수영
63,F,160.3,56.3,24.3,73,123.4,120,HARD,댄스
31,F,166.4,47,17.3,74,143,119,EASY,에어로빅
25,F,173,58.5,34.9,74,146.6,131,EASY,체조
28,F,160.1,53.1,27.8,74,144.8,138,NORMAL,필라테스
21,M,164.8,79.1,27.7,74,149,122,EASY,요가
27,F,158.3,49.3,23.2,74,145.4,138,NORMAL,골프
21,F,162.7,53.2,26.6,74,149,134,EASY,볼링
32,M,168.3,72.6,25.6,74,142.4,119,EASY,탁구
55,F,154.7,44.7,30.9,74,128.6,149,HARD,등산
49,F,161.5,72.1,41.8,74,132.2,131,HARD,필라테스
23,F,169.2,52.6,24,74,147.8,125,EASY,요가
32,M,175.6,81.7,25.2,74,142.4,118,EASY,태보
63,F,152,51.7,36,74,123.8,132,HARD,암벽등반
20,F,163.2,49.2,14.3,74,149.6,113,EASY,헬스
20,M,176.9,70.1,12,74,149.6,107,EASY,승마
20,M,184.1,83.1,11.3,74,149.6,108,EASY,자전거 라이딩
18,F,155.5,49.6,25.9,74,150.8,129,EASY,캐치볼
28,M,180.1,77,15.2,74,144.8,105,EASY,풋살
51,F,153.3,61,32.8,74,131,137,HARD,걷기
37,F,149.2,44.9,33.9,74,139.4,144,HARD,조깅
33,F,171.5,52.2,23.6,74,141.8,123,EASY,런닝머신
32,F,160.4,75.6,47.7,74,142.4,162,HARD,사이클링
24,F,168.7,51.2,20.7,74,147.2,166,HARD,수영
36,M,183.3,81,23.4,74,140,123,EASY,댄스
27,M,173.1,77.8,28.5,74,145.4,130,EASY,에어로빅
21,M,180.2,71.3,8.7,74,149,123,EASY,체조
30,F,159,42.8,22.7,74,143.6,141,HARD,필라테스
22,F,157.3,60.4,32.4,74,148.4,125,EASY,요가
26,M,175.9,75.4,15.6,74,146,123,EASY,골프
60,F,161,57.6,25.7,74,125.6,124,HARD,볼링
25,F,174.7,59.7,26.9,74,146.6,140,NORMAL,탁구
21,F,161.7,56.1,31,74,149,82,EASY,등산
55,F,157.1,63.4,41.1,74,128.6,142,HARD,필라테스
25,F,167.9,50.4,22.7,74,146.6,146,HARD,요가
25,F,166.4,48.1,20.1,74,146.6,133,NORMAL,태보
18,F,162.6,52.9,26.4,74,150.8,115,EASY,암벽등반
39,M,180.9,80.8,23.6,74,138.2,150,HARD,헬스
19,F,168.1,64,23.5,74,150.2,133,EASY,승마
57,F,161.6,78.5,42.4,74,127.4,127,HARD,자전거 라이딩
63,F,147,53.4,36.3,74,123.8,150,HARD,캐치볼
46,F,155.7,56.4,31.3,74,134,130,HARD,풋살
21,M,170.4,85.9,27.6,74,149,126,EASY,걷기
25,M,171.6,60.2,13.7,74,146.6,133,NORMAL,조깅
30,M,174.1,80.8,24.3,75,144,135,NORMAL,런닝머신
47,F,164.5,69.2,30.7,75,133.8,143,HARD,사이클링
63,F,153.4,56.2,28.6,75,124.2,149,HARD,수영
29,M,186.5,69.4,14,75,144.6,120,EASY,댄스
57,F,155.4,53.6,33.8,75,127.8,120,NORMAL,에어로빅
23,M,161.2,47.1,8.5,75,148.2,123,EASY,체조
62,F,150.5,60.6,39.3,75,124.8,137,HARD,필라테스
25,F,152.2,58.5,30.4,75,147,128,EASY,요가
48,M,172.8,76,16.5,75,133.2,119,NORMAL,골프
27,M,168,68.2,20.8,75,145.8,123,EASY,볼링
23,F,151.2,42,23.1,75,148.2,136,NORMAL,탁구
47,F,161.7,54.7,25.1,75,133.8,117,EASY,등산
41,M,173.6,71.3,19.5,75,137.4,114,EASY,필라테스
18,F,150.5,63.4,36.4,75,151.2,160,HARD,요가
19,F,161.6,51.6,24.2,75,150.6,123,EASY,태보
58,F,151.9,68,35.1,75,127.2,118,NORMAL,암벽등반
56,F,159.5,49.8,30.7,75,128.4,140,HARD,헬스
21,M,176.6,82.2,18.8,75,149.4,135,NORMAL,승마
25,F,158.2,49.3,28.9,75,147,134,NORMAL,자전거 라이딩
31,F,165.7,55.3,25.7,75,143.4,126,EASY,캐치볼
33,F,164.5,54.8,27.5,75,142.2,131,NORMAL,풋살
58,F,158.1,64.9,39.6,75,127.2,124,HARD,걷기
30,F,160.4,46.8,12.8,75,144,115,EASY,조깅
21,F,161.5,49.3,25.4,75,149.4,112,EASY,런닝머신
61,M,161.7,64.9,21.4,75,125.4,118,NORMAL,사이클링
23,M,177.3,74.6,15.5,75,148.2,114,EASY,수영
53,M,165.6,74.7,29.2,75,130.2,121,NORMAL,댄스
24,M,177.2,86.9,31.6,75,147.6,135,NORMAL,에어로빅
23,F,164,61.6,35,75,148.2,166,HARD,체조
38,F,166.1,80.1,28.9,75,139.2,130,NORMAL,필라테스
23,F,163.3,48.2,24.1,75,148.2,144,HARD,요가
38,F,165.3,74.3,38.4,75,139.2,120,EASY,골프
32,M,175,82.4,25.8,75,142.8,135,NORMAL,볼링
18,M,174,75.2,8.3,75,151.2,136,EASY,탁구
48,F,165.4,71.1,30.5,75,133.2,131,HARD,등산
60,F,156.2,68.9,32.8,75,126,119,NORMAL,필라테스
53,F,162.5,69.2,40.3,75,130.2,150,HARD,요가
45,M,174.6,84.9,29.4,75,135,140,HARD,태보
35,F,164,51,25.1,75,141,135,NORMAL,암벽등반
20,F,160,43.3,25,75,150,82,EASY,헬스
52,M,169.5,81.5,28,75,130.8,128,HARD,승마
23,F,165.3,46.3,23.5,75,148.2,140,NORMAL,자전거 라이딩
39,F,157.8,63.6,40.2,75,138.6,153,HARD,캐치볼
55,F,156.3,59.6,33.2,75,129,144,HARD,풋살
43,F,160.6,67.6,38.4,76,136.6,129,NORMAL,걷기
18,M,177.8,69.8,14.8,76,151.6,127,EASY,조깅
62,F,154.1,54.3,42.5,76,125.2,141,HARD,런닝머신
35,M,176.2,69.4,22.6,76,141.4,150,HARD,사이클링
57,M,171.9,70.6,25.4,76,128.2,114,NORMAL,수영
62,M,163.6,69.8,23.7,76,125.2,122,HARD,댄스
26,F,165.6,48.7,23.8,76,146.8,125,EASY,에어로빅
61,F,150.2,49.8,26.8,76,125.8,104,EASY,체조
62,F,155.1,59.5,34.3,76,125.2,132,HARD,필라테스
24,M,169.7,88.5,32.9,76,148,159,HARD,요가
18,F,154.9,46.6,22,76,151.6,124,EASY,골프
36,F,164.9,78.2,42,76,140.8,143,HARD,볼링
24,F,165,49.1,27.7,76,148,105,EASY,탁구
28,M,182.7,87.9,23.7,76,145.6,144,HARD,등산
54,F,158.8,60,32.1,76,130,140,HARD,필라테스
64,F,155.1,64.1,35.8,76,124,122,HARD,요가
58,F,151.2,68.9,36.7,76,127.6,113,NORMAL,태보
20,M,180.2,84,20.2,76,150.4,123,EASY,암벽등반
23,F,160.9,49.3,29.5,76,148.6,137,NORMAL,헬스
26,F,172,56.4,23.7,76,146.8,151,HARD,승마
28,M,174.8,73.3,17.9,76,145.6,123,EASY,자전거 라이딩
24,F,165,58.6,31.6,76,148,115,EASY,캐치볼
18,M,167.6,72.96,18.8,76,151.6,130,EASY,풋살
42,F,160.1,58.5,37,76,137.2,134,HARD,걷기
25,F,174.6,63,22.7,76,147.4,139,NORMAL,조깅
20,F,154.4,54.8,29.6,76,150.4,127,EASY,런닝머신
29,F,165.5,53.4,22.2,76,145,109,EASY,사이클링
58,F,156.2,67,32.8,76,127.6,127,HARD,수영
29,F,160.7,52.5,26.2,76,145,143,HARD,댄스
18,M,170.8,52.6,7.7,77,152,110,EASY,에어로빅
35,F,159.2,72.7,39.9,77,141.8,140,HARD,체조
25,F,174.1,60.5,26.7,77,147.8,158,HARD,필라테스
24,M,180.8,86.3,14.8,77,148.4,118,EASY,요가
19,F,161.1,59.5,34.4,77,151.4,156,HARD,골프
43,M,170.9,66.9,19,77,137,117,EASY,볼링
18,M,174.8,91.5,27.3,77,152,125,EASY,탁구
51,F,159.9,57.3,22.8,77,132.2,130,HARD,등산
42,F,172.7,61,30.3,77,137.6,135,HARD,필라테스
48,M,174.6,97,32.7,77,134,122,NORMAL,요가
41,F,166.5,49.3,21.5,77,138.2,104,EASY,태보
18,M,183.4,70.4,12.5,77,152,108,EASY,암벽등반
55,F,160.3,65.1,41.5,77,129.8,158,HARD,헬스
60,F,154.9,71.4,44.5,77,126.8,130,HARD,승마
61,M,164.5,70.5,20.5,77,126.2,117,NORMAL,자전거 라이딩
51,M,172.2,69.3,20.5,77,132.2,121,NORMAL,캐치볼
24,F,171.6,62.4,32.1,77,148.4,167,HARD,풋살
60,F,154.8,54.1,32.9,77,126.8,139,HARD,걷기
26,F,161.5,52.6,20.4,77,147.2,148,HARD,조깅
24,M,171.5,70.4,22.1,77,148.4,135,NORMAL,런닝머신
31,F,162.9,47.8,17.9,77,144.2,127,EASY,사이클링
20,F,157.1,49.1,22.1,77,150.8,155,HARD,수영
24,F,168.5,43.7,22.3,77,148.4,141,NORMAL,댄스
22,F,172.5,54.9,30.1,77,149.6,101,EASY,에어로빅
20,M,177.4,77.1,18.4,77,150.8,120,EASY,체조
62,M,171.1,71,22.5,77,125.6,112,NORMAL,필라테스
62,M,171.9,58,13.1,77,125.6,115,NORMAL,요가
59,M,165,65.1,21.3,77,127.4,82,EASY,골프
44,F,146.8,63.9,47.5,77,136.4,130,NORMAL,볼링
26,F,172.4,59.1,20,77,147.2,130,EASY,탁구
63,F,161.6,58.4,35.8,77,125,143,HARD,등산
20,M,178.9,70.9,11.5,77,150.8,106,EASY,필라테스
62,F,165.7,70,33.1,77,125.6,133,HARD,요가
18,M,172.3,60.8,18.2,77,152,115,EASY,태보
52,F,146,53.6,42.5,77,131.6,150,HARD,암벽등반
20,F,157,55.6,33.1,77,150.8,169,HARD,헬스
61,F,158.7,49.4,25.3,78,126.6,144,HARD,승마
19,F,170,59.8,25.9,78,151.8,193,HARD,자전거 라이딩
33,F,166.3,59.2,25.8,78,143.4,137,NORMAL,캐치볼
34,F,155.9,46.2,23.7,78,142.8,160,HARD,풋살
18,F,165,55.3,24.4,78,152.4,152,HARD,걷기
25,M,174.6,75.5,17.4,78,148.2,122,EASY,조깅
49,F,145.4,45.6,29.8,78,133.8,145,HARD,런닝머신
23,M,181.8,72.1,14.8,78,149.4,123,EASY,사이클링
62,F,154.6,60.2,34.5,78,126,147,HARD,수영
20,F,162.6,58.9,29.6,78,151.2,139,NORMAL,댄스
17,F,164.7,75.9,46.1,78,153,152,HARD,에어로빅
21,M,182,77.6,6.2,78,150.6,105,EASY,체조
54,F,156,48.2,24.5,78,130.8,152,HARD,필라테스
55,F,156,70.9,38.3,78,130.2,133,HARD,요가
58,F,157,59.6,36.3,78,128.4,140,HARD,골프
63,M,166.8,69.4,18.2,78,125.4,132,HARD,볼링
18,M,177.3,60,17.1,78,152.4,139,NORMAL,탁구
23,F,169.1,60,28.4,78,149.4,138,NORMAL,등산
28,M,169.4,81.9,32.2,78,146.4,136,NORMAL,필라테스
50,F,151.1,63.6,31.5,78,133.2,140,HARD,요가
26,F,156.1,52.9,23.3,78,147.6,140,NORMAL,태보
53,F,159.8,59.1,31.6,78,131.4,131,HARD,암벽등반
52,F,151,54.1,36.6,78,132,134,HARD,헬스
24,M,170.6,68.8,17.7,78,148.8,125,EASY,승마
51,F,155.3,47.3,34,78,132.6,138,HARD,자전거 라이딩
35,F,157.1,59.5,38.1,78,142.2,133,NORMAL,캐치볼
23,M,187.6,110.6,21.8,78,149.4,124,EASY,풋살
63,F,163.7,68.9,35.1,78,125.4,147,HARD,걷기
61,F,157.1,55.1,33.5,78,126.6,113,NORMAL,조깅
61,F,157.3,72.5,44.9,78,126.6,145,HARD,런닝머신
22,F,162.2,56.1,30.8,78,150,150,HARD,사이클링
33,M,176.6,77.8,16.3,78,143.4,125,EASY,수영
18,F,161,50,25.3,78,152.4,139,NORMAL,댄스
53,F,153.9,56.4,32.4,78,131.4,113,EASY,에어로빅
20,F,159,54.6,29.8,78,151.2,159,HARD,체조
23,F,161.2,54.8,22.4,78,149.4,113,EASY,필라테스
27,F,161,45.9,20.2,79,147.4,155,HARD,요가
18,F,168.9,65.7,31.9,79,152.8,141,NORMAL,골프
18,M,169.6,58.1,9.6,79,152.8,137,EASY,볼링
33,F,162.7,57.6,28.8,79,143.8,122,EASY,탁구
18,M,171.9,68.5,18.3,79,152.8,133,EASY,등산
54,F,161.6,55.3,21.4,79,131.2,137,HARD,필라테스
33,F,154.9,45.4,28.9,79,143.8,124,EASY,요가
13,F,156.4,40.7,20.1,79,155.8,138,EASY,태보
17,M,172.3,62.7,9.8,79,153.4,115,EASY,암벽등반
57,M,179.9,88.8,30,79,129.4,101,EASY,헬스
49,M,174.3,77.6,32.1,79,134.2,118,EASY,승마
49,F,164.7,57.2,36.7,79,134.2,154,HARD,자전거 라이딩
22,F,155.8,54.3,31.8,79,150.4,150,HARD,캐치볼
62,M,169.4,60.7,17,79,126.4,134,HARD,풋살
30,F,165.8,55.6,10.7,79,145.6,138,NORMAL,걷기
26,F,167,52.1,30.7,79,148,105,EASY,조깅
20,F,156.1,49.3,21.4,79,151.6,120,EASY,런닝머신
31,F,161.3,62.4,32,79,145,117,EASY,사이클링
18,M,178.1,62.1,9.1,79,152.8,138,NORMAL,수영
49,F,159.3,50.5,23,79,134.2,134,HARD,댄스
54,F,163,63.2,31,79,131.2,64,EASY,에어로빅
50,M,170.6,78.3,33.8,79,133.6,112,EASY,체조
63,F,162.4,71.6,34.5,79,125.8,128,HARD,필라테스
23,F,166.8,54.8,29.9,79,149.8,156,HARD,요가
53,F,163.6,56.2,23.1,79,131.8,115,EASY,골프
18,M,181.7,95,23.7,79,152.8,115,EASY,볼링
17,M,170.2,83.9,25.1,79,153.4,142,NORMAL,탁구
24,F,169.7,50,24.9,79,149.2,148,HARD,등산
22,F,162.5,47.7,21.7,79,150.4,136,NORMAL,필라테스
57,M,173.4,75.7,30.4,79,129.4,131,HARD,요가
61,F,154.7,57.7,33.9,79,127,149,HARD,태보
23,F,161.3,59.3,32.5,79,149.8,139,NORMAL,암벽등반
35,F,159.6,63.1,33,79,142.6,135,NORMAL,헬스
23,F,163.8,57,27.7,79,149.8,144,NORMAL,승마
60,M,168.7,60.4,23.2,79,127.6,134,HARD,자전거 라이딩
24,F,170.1,57.5,30.5,79,149.2,160,HARD,캐치볼
25,F,169.4,51.2,26.6,79,148.6,142,NORMAL,풋살
56,M,173.4,68.5,26.4,79,130,129,HARD,걷기
58,F,159.3,61.6,32.5,79,128.8,141,HARD,조깅
61,F,150.1,50.8,31.1,79,127,76,EASY,런닝머신
21,M,173.1,67.8,20,79,151,115,EASY,사이클링
29,M,181.9,85.3,17.3,79,146.2,116,EASY,수영
60,F,151.5,50.1,24.5,79,127.6,144,HARD,댄스
29,M,174.9,87,24.8,79,146.2,130,EASY,에어로빅
23,M,167.7,65.7,28.7,79,149.8,144,NORMAL,체조
39,F,156.3,62.4,35.3,79,140.2,122,EASY,필라테스
18,M,176.1,71,16.3,79,152.8,119,EASY,요가
62,F,163.7,52.7,26,79,126.4,119,NORMAL,골프
18,M,168,70.28,23.5,80,153.2,128,EASY,볼링
23,F,171.2,59.7,27.1,80,150.2,146,HARD,탁구
17,F,161.3,60.5,27,80,153.8,145,NORMAL,등산
19,M,171.4,60,17.3,80,152.6,120,EASY,필라테스
20,M,178,62.9,23.6,80,152,97,EASY,요가
60,F,156.5,51.2,27.2,80,128,127,HARD,태보
63,M,161,70.8,31.9,80,126.2,123,HARD,암벽등반
19,M,168,58.5,15.9,80,152.6,130,EASY,헬스
25,M,175.2,79.5,15.5,80,149,125,EASY,승마
43,F,156.9,51.3,21.8,80,138.2,111,EASY,자전거 라이딩
32,F,164.2,54.5,23.1,80,144.8,146,HARD,캐치볼
39,F,168.6,59.8,32.1,80,140.6,133,NORMAL,풋살
35,F,164,51.4,17.9,80,143,121,EASY,걷기
27,M,175.2,69.6,18.7,80,147.8,116,EASY,조깅
20,M,172.8,94.5,35.1,80,152,118,EASY,런닝머신
51,F,150,65,38.3,80,133.4,135,HARD,사이클링
19,M,172.9,66.9,16.7,80,152.6,139,NORMAL,수영
19,M,172.8,71.5,18.2,80,152.6,128,EASY,댄스
46,M,170.2,93.1,38.7,80,136.4,123,NORMAL,에어로빅
62,M,166.7,56.9,13.5,80,126.8,124,HARD,체조
21,M,176.1,66.5,12.9,80,151.4,126,EASY,필라테스
24,F,158.6,49.3,24.2,80,149.6,146,HARD,요가
62,M,159.5,60.9,26.2,80,126.8,152,HARD,골프
58,F,152.1,48.2,33,80,129.2,156,HARD,볼링
26,M,170.6,71.8,14.1,80,148.4,124,EASY,탁구
24,F,163,51.3,24.2,80,149.6,90,EASY,등산
52,F,156.2,59.5,36.9,80,132.8,110,EASY,필라테스
17,M,180.3,72.1,7.7,80,153.8,88,EASY,요가
22,F,165,52.7,24.7,80,150.8,140,NORMAL,태보
51,F,152,54.2,27.6,80,133.4,126,NORMAL,암벽등반
22,F,172.5,57.6,35.6,80,150.8,114,EASY,헬스
53,F,156,57.2,34.7,80,132.2,136,HARD,승마
59,F,155.9,58.6,33.9,80,128.6,150,HARD,자전거 라이딩
48,F,159.2,70.4,39,80,135.2,119,EASY,캐치볼
24,M,164.7,59.5,17.8,80,149.6,127,EASY,풋살
28,M,177.8,75.1,12.7,80,147.2,123,EASY,걷기
24,F,173.8,60.2,30.1,80,149.6,161,HARD,조깅
52,F,158.5,56.2,24.8,80,132.8,147,HARD,런닝머신
26,F,165.6,48.5,26,80,148.4,165,HARD,사이클링
18,F,157.8,60,33.5,80,153.2,129,EASY,수영
46,F,158.7,64.1,37.4,80,136.4,171,HARD,댄스
47,F,157.6,49.1,25.9,80,135.8,103,EASY,에어로빅
48,F,160.7,55,33.6,80,135.2,153,HARD,체조
25,F,164.7,56.5,20.9,80,149,125,EASY,필라테스
28,M,189.2,79.4,17.1,80,147.2,134,NORMAL,요가
19,F,162.5,64.4,41,80,152.6,141,NORMAL,골프
26,F,163.1,56.1,30.1,80,148.4,119,EASY,볼링
23,F,168.6,59.4,22.2,80,150.2,129,EASY,탁구
63,M,174.6,78.7,21.6,80,126.2,127,HARD,등산
37,F,161.6,55.5,29.6,80,141.8,123,EASY,필라테스
63,F,151.2,46,21.7,80,126.2,135,HARD,요가
63,F,156.6,64.6,36.3,80,126.2,138,HARD,태보
21,F,163.7,62,33.3,80,151.4,131,EASY,암벽등반
22,F,161.6,65.6,30.4,80,150.8,120,EASY,헬스
18,M,169.5,53.1,9.9,80,153.2,128,EASY,승마
23,F,165.2,48.9,21.2,80,150.2,129,EASY,자전거 라이딩
26,F,169,49,28.9,80,148.4,98,EASY,캐치볼
24,F,159.2,51.62,30.3,80,149.6,146,HARD,풋살
22,M,173.3,93.4,30.3,80,150.8,116,EASY,걷기
64,F,158.9,56.1,32.1,80,125.6,149,HARD,조깅
23,M,173.6,83.5,23.9,80,150.2,129,EASY,런닝머신
56,M,176.1,77,22.3,80,130.4,141,HARD,사이클링
18,F,159.1,54.2,33.2,80,153.2,161,HARD,수영
41,M,170.3,73.5,22.5,80,139.4,121,EASY,댄스
24,F,175.3,60.4,27.4,80,149.6,107,EASY,에어로빅
57,F,147.4,54.6,39.2,80,129.8,146,HARD,체조
20,M,180.3,61.3,11.9,80,152,128,EASY,필라테스
40,F,166.9,68.2,34.4,80,140,140,HARD,요가
48,F,153,50.1,28.3,80,135.2,127,NORMAL,골프
52,F,168.1,58.4,38.8,80,132.8,153,HARD,볼링
60,F,159.6,65.4,32.8,80,128,142,HARD,탁구
31,F,169,54.8,28.7,80,145.4,149,HARD,등산
61,F,151.2,48.2,28.9,80,127.4,141,HARD,필라테스
22,M,181.9,93.2,19.5,80,150.8,121,EASY,요가
19,M,171.9,67.5,21.2,80,152.6,148,HARD,태보
19,F,164,57.4,24.5,80,152.6,123,EASY,암벽등반
20,M,171.8,66.6,18.9,80,152,138,NORMAL,헬스
22,M,173.2,67.2,12.7,80,150.8,119,EASY,승마
18,F,159,69.9,38.3,81,153.6,158,HARD,자전거 라이딩
30,M,163.4,71.8,21.6,81,146.4,141,NORMAL,캐치볼
17,M,188.7,125.04,27.2,81,154.2,150,HARD,풋살
53,F,158,52.5,26.4,81,132.6,132,HARD,걷기
20,F,163.7,59.1,24.3,81,152.4,124,EASY,조깅
24,M,162.4,65.2,7.2,81,150,113,EASY,런닝머신
33,M,173.4,70.2,21.5,81,144.6,122,EASY,사이클링
59,F,150.9,60.1,39.3,81,129,157,HARD,수영
20,F,151.9,61,42.1,81,152.4,160,HARD,댄스
22,M,179.7,74.7,8,81,151.2,119,EASY,에어로빅
63,F,162.2,60.7,33,81,126.6,154,HARD,체조
31,F,158.6,51.4,30.6,81,145.8,142,HARD,필라테스
56,F,158.8,52.7,24.1,81,130.8,142,HARD,요가
52,F,151.3,48.8,29.5,81,133.2,136,HARD,골프
57,F,156,41.3,21.9,81,130.2,163,HARD,볼링
21,M,173.6,75.3,12.9,81,151.8,118,EASY,탁구
61,F,161,65.2,38,81,127.8,124,HARD,등산
20,F,157.5,53.9,29,81,152.4,151,HARD,필라테스
18,M,166.7,53.7,9.8,81,153.6,131,EASY,요가
61,F,157.7,56.6,29.2,81,127.8,124,HARD,태보
20,F,157.1,49.1,21.8,81,152.4,153,HARD,암벽등반
34,F,155.6,56.7,36.7,81,144,154,HARD,헬스
62,F,160.3,61.2,33.1,81,127.2,139,HARD,승마
27,M,168.2,66.1,14.2,81,148.2,124,EASY,자전거 라이딩
43,F,166.7,60.7,23.5,81,138.6,154,HARD,캐치볼
16,M,161.3,51.76,7.9,81,154.8,119,EASY,풋살
48,F,167.5,65.9,27.3,81,135.6,104,EASY,걷기
51,F,157.3,64,35.9,81,133.8,122,NORMAL,조깅
24,F,157.7,60.1,31.6,81,150,173,HARD,런닝머신
28,M,170.9,94.9,37.7,81,147.6,156,HARD,사이클링
23,F,164.5,50,24.2,81,150.6,100,EASY,수영
22,F,170.5,54.4,24,81,151.2,149,HARD,댄스
23,F,164.1,56.4,24.2,81,150.6,135,EASY,에어로빅
23,F,160.1,50,28.9,81,150.6,139,NORMAL,체조
24,F,165.4,62.4,25.4,81,150,130,EASY,필라테스
56,F,159.9,64.6,36.3,81,130.8,136,HARD,요가
24,F,162.8,50.2,23.8,81,150,145,HARD,골프
55,F,161.5,60.4,31.2,81,131.4,75,EASY,볼링
18,M,188.7,62.2,7.5,81,153.6,94,EASY,탁구
21,F,156.3,43.6,26.8,81,151.8,144,NORMAL,등산
24,F,168.3,56.2,23.4,81,150,148,HARD,필라테스
28,M,163.3,72.5,21.3,81,147.6,120,EASY,요가
42,M,168.4,63.3,21.9,81,139.2,134,NORMAL,태보
38,F,158,43.7,20.7,81,141.6,129,NORMAL,암벽등반
34,M,183.7,74.5,21,81,144,149,HARD,헬스
23,M,170,63.9,18.3,81,150.6,166,HARD,승마
41,F,168.1,57.3,18.8,81,139.8,130,NORMAL,자전거 라이딩
40,F,155.3,63.8,40.2,81,140.4,148,HARD,캐치볼
30,M,172.8,68,15.1,81,146.4,120,EASY,풋살
43,F,160.6,67.3,34.3,81,138.6,143,HARD,걷기
61,F,150.7,53.7,32.1,81,127.8,131,HARD,조깅
38,F,171.3,104.7,42.2,81,141.6,102,EASY,런닝머신
19,F,158,54.3,22.3,81,153,137,EASY,사이클링
31,M,176.3,83.2,28.6,82,146.2,109,EASY,수영
54,F,159.1,58.3,33.6,82,132.4,132,HARD,댄스
28,M,170.8,64,22.1,82,148,125,EASY,에어로빅
19,F,162.5,56.4,25,82,153.4,137,EASY,체조
38,F,156.1,53.2,27.1,82,142,148,HARD,필라테스
44,F,153.2,57.8,34.4,82,138.4,135,HARD,요가
62,M,171.3,66,18.7,82,127.6,125,HARD,골프
26,M,180.3,84.9,20,82,149.2,128,EASY,볼링
25,F,166.5,58.1,28.6,82,149.8,137,NORMAL,탁구
26,F,168,47.6,32.1,82,149.2,104,EASY,등산
18,F,154.9,48.7,27.7,82,154,144,NORMAL,필라테스
47,F,166.2,74.3,32.4,82,136.6,143,HARD,요가
33,M,169.3,75.4,20.6,82,145,123,EASY,태보
24,F,169,55.4,23.6,82,150.4,94,EASY,암벽등반
31,F,163.8,47.9,19.7,82,146.2,135,NORMAL,헬스
19,M,170.4,74.4,23.7,82,153.4,150,HARD,승마
64,M,168.4,63,17.7,82,126.4,122,HARD,자전거 라이딩
62,M,165.4,78,27.8,82,127.6,115,NORMAL,캐치볼
54,F,156.3,53.7,28.9,82,132.4,126,NORMAL,풋살
48,F,161.1,48.8,23.2,82,136,130,NORMAL,걷기
60,F,152,47.6,28.1,82,128.8,128,HARD,조깅
29,F,166.9,78.5,31.4,82,147.4,128,EASY,런닝머신
18,M,172,70.9,19.9,82,154,145,NORMAL,사이클링
22,F,170.4,52.2,26,82,151.6,162,HARD,수영
24,F,167,48.1,25.3,82,150.4,155,HARD,댄스
21,M,176.1,64.5,9.6,82,152.2,97,EASY,에어로빅
29,F,163,52.7,28.7,82,147.4,131,EASY,체조
58,F,164.3,62.2,34.3,82,130,136,HARD,필라테스
36,M,176.5,70.6,15.2,82,143.2,106,EASY,요가
61,M,168,77.2,23.3,82,128.2,112,EASY,골프
63,M,170.7,71,19.7,82,127,119,NORMAL,볼링
43,F,158.1,51.6,21.4,82,139,134,HARD,탁구
30,F,169,63.5,25.3,82,146.8,136,NORMAL,등산
26,M,179.9,68.1,18.1,82,149.2,117,EASY,필라테스
17,M,177.1,69.9,19.5,82,154.6,139,EASY,요가
24,F,168.6,51.7,20.9,82,150.4,143,NORMAL,태보
48,F,171.8,58.7,19.2,82,136,126,NORMAL,암벽등반
40,M,174.2,70.8,18.6,82,140.8,123,EASY,헬스
49,F,162.1,49.3,25.6,82,135.4,122,NORMAL,승마
24,M,160.1,49.4,11.1,82,150.4,178,HARD,자전거 라이딩
22,F,160.4,80.6,44.6,83,152,159,HARD,캐치볼
37,F,160.4,54.6,23.8,83,143,135,NORMAL,풋살
44,F,160.5,67.9,27.7,83,138.8,130,NORMAL,걷기
47,F,155.6,61,38.1,83,137,172,HARD,조깅
22,F,161.1,52.2,24.7,83,152,118,EASY,런닝머신
18,F,155.4,50,26,83,154.4,129,EASY,사이클링
19,M,174.5,73.4,23.8,83,153.8,111,EASY,수영
23,M,170.8,75.1,16.6,83,151.4,126,EASY,댄스
61,M,175.1,71.8,20.4,83,128.6,117,NORMAL,에어로빅
49,F,157.2,46.7,20.9,83,135.8,142,HARD,체조
18,M,176,98.5,31.7,83,154.4,142,NORMAL,필라테스
23,M,169.9,67.5,17.7,83,151.4,138,NORMAL,요가
58,F,163.3,61.9,30.7,83,130.4,124,NORMAL,골프
24,M,180.2,96.3,33.2,83,150.8,144,NORMAL,볼링
53,M,173,73.9,25.5,83,133.4,113,EASY,탁구
23,F,164.7,51.6,25.3,83,151.4,138,NORMAL,등산
27,M,184.4,79.5,22.1,83,149,135,NORMAL,필라테스
18,M,176.9,76.1,17.2,83,154.4,130,EASY,요가
22,F,160.8,47.6,27.1,83,152,133,EASY,태보
53,F,163.1,57.5,27.8,83,133.4,131,HARD,암벽등반
64,M,167,74.4,52.5,83,126.8,130,HARD,헬스
18,M,175.1,78.7,23.7,83,154.4,119,EASY,승마
18,F,152.8,42.7,23.2,83,154.4,125,EASY,자전거 라이딩
19,F,153.3,48.6,27.9,83,153.8,134,EASY,캐치볼
24,F,168.1,55.2,29.9,83,150.8,152,HARD,풋살
30,F,171.6,49,21.7,83,147.2,132,EASY,걷기
25,F,168.8,73.3,41.4,83,150.2,195,HARD,조깅
62,F,152.9,53.4,28.4,83,128,138,HARD,런닝머신
21,F,154.6,47.3,24.1,83,152.6,123,EASY,사이클링
29,M,166.9,73.2,25.9,83,147.8,119,EASY,수영
24,M,174.6,57.7,11.8,83,150.8,114,EASY,댄스
64,M,170,77.8,26.9,83,126.8,,EASY,에어로빅
18,F,157.4,55.3,26.5,83,154.4,135,EASY,체조
52,F,157.5,51,22.5,83,134,119,EASY,필라테스
24,F,170.4,61,24.4,83,150.8,129,EASY,요가
22,F,162.6,47.6,22,83,152,143,NORMAL,골프
24,F,167.6,44.2,20.4,83,150.8,138,NORMAL,볼링
24,F,163.5,51.7,26.3,83,150.8,123,EASY,탁구
27,M,175,69.4,19.5,83,149,120,EASY,등산
22,F,162.8,54.4,34.5,83,152,146,NORMAL,필라테스
24,F,167.2,60.4,27.3,83,150.8,135,EASY,요가
51,F,159.5,83.6,43.9,83,134.6,139,HARD,태보
22,F,162.7,53.6,28.2,83,152,159,HARD,암벽등반
24,F,162.5,49.1,22,83,150.8,125,EASY,헬스
26,F,171.2,51.8,22.5,83,149.6,131,EASY,승마
53,F,157.9,55.1,33.7,83,133.4,167,HARD,자전거 라이딩
18,M,170.8,67,20.5,83,154.4,138,EASY,캐치볼
26,F,161.3,45.7,19.8,83,149.6,135,NORMAL,풋살
21,M,178.9,79.6,20.8,83,152.6,122,EASY,걷기
39,F,153.6,46.4,20.6,83,141.8,121,EASY,조깅
61,F,150.2,65.3,42.7,83,128.6,140,HARD,런닝머신
22,M,179.9,78.2,28,83,152,138,NORMAL,사이클링
41,F,163.6,49.3,24.9,83,140.6,134,NORMAL,수영
23,F,157.8,55.9,25.3,83,151.4,158,HARD,댄스
20,M,180.9,85,17.1,83,153.2,119,EASY,에어로빅
19,F,160.8,63.1,29.2,83,153.8,119,EASY,체조
55,F,153.1,58.2,35.1,83,132.2,139,HARD,필라테스
18,M,187.4,96.4,31.9,83,154.4,139,EASY,요가
40,M,177,72.1,15.3,83,141.2,101,EASY,골프
32,M,176.8,64.9,12.5,84,146.4,137,NORMAL,볼링
27,F,160.9,52.8,30.1,84,149.4,124,EASY,탁구
18,F,161.9,54.5,29.2,84,154.8,133,EASY,등산
62,F,152.9,55.6,30.1,84,128.4,124,HARD,필라테스
18,M,176.7,72.4,10.4,84,154.8,141,NORMAL,요가
59,F,149.5,43.2,25.4,84,130.2,122,NORMAL,태보
60,F,160.6,72.5,39.2,84,129.6,140,HARD,암벽등반
31,F,161.6,62.2,33.5,84,147,142,HARD,헬스
20,F,164.4,51.5,25.4,84,153.6,113,EASY,승마
55,F,162.8,66.2,35.5,84,132.6,151,HARD,자전거 라이딩
22,M,174.5,62.7,15,84,152.4,131,EASY,캐치볼
50,F,155.4,60.1,35.5,84,135.6,155,HARD,풋살
32,F,162.2,65.6,29.5,84,146.4,130,EASY,걷기
22,M,167.7,75.7,31.2,84,152.4,147,NORMAL,조깅
58,F,158.8,55.7,29.1,84,130.8,123,NORMAL,런닝머신
18,F,166.2,61.9,28.7,84,154.8,130,EASY,사이클링
60,F,149.2,49.3,30.8,84,129.6,133,HARD,수영
21,F,162.1,55.4,25.9,84,153,129,EASY,댄스
23,F,164.1,63.4,33.2,84,151.8,179,HARD,에어로빅
27,F,153.7,47.2,24.3,84,149.4,162,HARD,체조
62,M,181.5,78.1,20.3,84,128.4,118,NORMAL,필라테스
24,F,168.5,57.3,30.5,84,151.2,165,HARD,요가
34,F,165.8,67.4,36.3,84,145.2,146,HARD,골프
39,F,171.4,61.4,20.3,84,142.2,161,HARD,볼링
25,F,168.6,64.7,32,84,150.6,146,HARD,탁구
28,M,166.5,78.6,24.2,84,148.8,133,EASY,등산
56,F,154.7,67.7,36.7,84,132,146,HARD,필라테스
51,F,156.5,62.5,38.2,84,135,155,HARD,요가
18,M,175.5,77.4,14.3,84,154.8,114,EASY,태보
28,F,172.7,57,25.9,84,148.8,144,HARD,암벽등반
19,M,169.8,75.2,24.8,84,154.2,123,EASY,헬스
28,M,174.2,73,19.3,84,148.8,120,EASY,승마
35,F,164.1,64.3,32.9,84,144.6,140,HARD,자전거 라이딩
17,F,154.6,52,31.9,84,155.4,142,NORMAL,캐치볼
21,M,174,68.2,8.6,84,153,108,EASY,풋살
55,F,161.5,54.2,32,84,132.6,163,HARD,걷기
18,M,175,61.5,19.3,84,154.8,137,EASY,조깅
18,M,175.4,64.8,18.4,84,154.8,114,EASY,런닝머신
22,M,174.3,70.1,16.7,84,152.4,140,NORMAL,사이클링
19,M,170.7,94,25.6,84,154.2,129,EASY,수영
18,F,161.8,49.5,27.5,84,154.8,148,NORMAL,댄스
24,F,167.3,58,28.1,84,151.2,126,EASY,에어로빅
24,F,164.9,54.7,29.5,84,151.2,131,EASY,체조
19,F,159.4,57.4,33.8,84,154.2,137,EASY,필라테스
24,F,167.6,55.3,21.8,84,151.2,126,EASY,요가
23,F,166,56.6,27,84,151.8,161,HARD,골프
49,F,160,49.7,22.9,84,136.2,128,NORMAL,볼링
25,F,162.3,48.6,25.9,84,150.6,147,HARD,탁구
62,F,156.9,55.3,37.6,84,128.4,152,HARD,등산
27,F,160.2,49,28.5,84,149.4,161,HARD,필라테스
50,F,159,58.1,32.3,84,135.6,159,HARD,요가
34,M,188,82.5,11.4,84,145.2,114,EASY,태보
48,F,158.6,51,24.8,84,136.8,159,HARD,암벽등반
25,F,169.5,75.8,34.4,84,150.6,152,HARD,헬스
18,F,164,55.5,30.5,85,155.2,113,EASY,승마
52,M,168.4,73.4,18.7,85,134.8,131,HARD,자전거 라이딩
52,F,163.9,66.3,33.8,85,134.8,146,HARD,캐치볼
22,F,167.1,51.8,25.3,85,152.8,122,EASY,풋살
55,F,161.3,51.2,35.1,85,133,158,HARD,걷기
19,F,159.1,48.8,19.8,85,154.6,136,EASY,조깅
19,M,192.5,101.9,23.5,85,154.6,149,NORMAL,런닝머신
19,M,178,78,18.1,85,154.6,139,EASY,사이클링
50,M,162,68.8,22.6,85,136,119,EASY,수영
25,M,174.6,75.4,16.8,85,151,139,NORMAL,댄스
23,F,174.6,52.7,24.8,85,152.2,135,EASY,에어로빅
64,F,159.2,60.6,36.6,85,127.6,152,HARD,체조
55,M,168.6,68.9,31.5,85,133,150,HARD,필라테스
42,M,174.1,78,29.4,85,140.8,124,EASY,요가
30,F,157.6,54,25.9,85,148,139,NORMAL,골프
21,M,180,72.1,22.9,85,153.4,139,NORMAL,볼링
62,F,161.3,48.8,20.7,85,128.8,120,NORMAL,탁구
25,F,167,52,21.8,85,151,144,NORMAL,등산
21,M,168.4,78.1,18.6,85,153.4,121,EASY,필라테스
24,F,162.7,48.6,25.7,85,151.6,146,NORMAL,요가
29,F,158.9,43.6,20.2,85,148.6,115,EASY,태보
58,M,164.4,79.3,29.9,85,131.2,129,HARD,암벽등반
53,F,168.6,65.7,31.2,85,134.2,149,HARD,헬스
20,F,169.1,54.5,24.7,85,154,129,EASY,승마
18,F,153.1,44.1,20.7,85,155.2,135,EASY,자전거 라이딩
20,F,157.1,49,20.1,85,154,115,EASY,캐치볼
32,M,174.6,71.5,12,85,146.8,124,EASY,풋살
62,M,176,63.1,18.7,85,128.8,109,EASY,걷기
48,F,153.5,54.1,34.7,85,137.2,120,EASY,조깅
21,F,155.3,42.5,21,85,153.4,152,HARD,런닝머신
64,M,165.4,68.3,21.6,85,127.6,141,HARD,사이클링
52,F,164.7,57.2,28.8,85,134.8,135,HARD,수영
23,F,158,55.1,32.8,85,152.2,134,EASY,댄스
27,F,155.4,54.6,32.5,85,149.8,144,NORMAL,에어로빅
54,M,161.8,55.3,20.2,85,133.6,90,EASY,체조
22,M,177.6,79.3,17.9,85,152.8,129,EASY,필라테스
23,F,164.1,56.8,24.6,85,152.2,147,NORMAL,요가
21,M,172,83.6,33.4,85,153.4,152,HARD,골프
24,M,181.5,61.5,12.1,85,151.6,124,EASY,볼링
56,F,160.6,69.7,38.8,85,132.4,134,HARD,탁구
22,F,170.7,54.6,25.1,85,152.8,99,EASY,등산
43,F,162.8,50.1,23.5,85,140.2,136,HARD,필라테스
25,F,175.6,63.3,31.5,85,151,143,NORMAL,요가
23,F,156.7,46.9,32.3,85,152.2,146,NORMAL,태보
25,M,175.6,69.1,17.8,85,151,127,EASY,암벽등반
25,F,165,50.4,24.8,85,151,102,EASY,헬스
18,M,176.8,107.5,29.5,85,155.2,126,EASY,승마
29,F,161,49.1,21.3,85,148.6,109,EASY,자전거 라이딩
30,M,171,70.4,18.3,85,148,109,EASY,캐치볼
25,F,171.7,58.3,25.2,85,151,150,HARD,풋살
47,M,163.9,76.4,28.2,85,137.8,134,HARD,걷기
52,F,160.8,72.6,35.9,85,134.8,121,NORMAL,조깅
47,F,167.4,64,36.4,85,137.8,133,HARD,런닝머신
19,F,168.9,62,31.5,85,154.6,161,HARD,사이클링
62,F,152.6,51.6,32.2,85,128.8,147,HARD,수영
39,M,165.5,82.3,32.7,85,142.6,141,HARD,댄스
45,F,160.2,60.3,35.8,85,139,136,HARD,에어로빅
20,F,168.5,68.1,36.3,85,154,149,HARD,체조
30,F,158.2,62,34,85,148,130,EASY,필라테스
61,F,154.1,54.6,39.9,85,129.4,140,HARD,요가
56,F,153.8,55.7,33.9,85,132.4,132,HARD,골프
55,F,165.9,49.5,20.2,85,133,142,HARD,볼링
23,F,163.9,55.4,25.8,85,152.2,137,EASY,탁구
27,M,172,79.9,25.9,86,150.2,155,HARD,등산
18,M,179.3,69.2,12.1,86,155.6,122,EASY,필라테스
64,F,159.9,68.6,35.5,86,128,155,HARD,요가
21,M,177.4,68.6,11.7,86,153.8,119,EASY,태보
50,F,168.7,69.6,32.8,86,136.4,128,NORMAL,암벽등반
30,M,172.7,77.9,31.9,86,148.4,122,EASY,헬스
31,M,166.9,96.8,43.8,86,147.8,144,HARD,승마
24,M,172.1,65,19,86,152,127,EASY,자전거 라이딩
59,F,153.5,64.1,41.2,86,131,140,HARD,캐치볼
31,M,172.8,67.6,20,86,147.8,145,HARD,풋살
63,M,168.1,70.8,25.3,86,128.6,135,HARD,걷기
20,F,161.5,67.4,40.5,86,154.4,157,HARD,조깅
29,M,173.6,55.9,10.3,86,149,126,EASY,런닝머신
19,M,173.1,72.5,17.2,86,155,137,EASY,사이클링
19,F,156.7,48.2,25.8,86,155,170,HARD,수영
29,M,180.8,85.4,19.4,86,149,127,EASY,댄스
30,M,178.6,79.6,22.2,86,148.4,133,EASY,에어로빅
19,F,162.5,65,40.3,86,155,145,NORMAL,체조
56,F,165,67.9,39.8,86,132.8,129,HARD,필라테스
22,F,158.9,52.2,28.2,86,153.2,149,HARD,요가
31,M,168.1,75.4,29.5,86,147.8,139,NORMAL,골프
18,M,176.2,63.9,17.6,86,155.6,118,EASY,볼링
60,M,164.9,85.7,33.8,86,130.4,119,NORMAL,탁구
24,F,170,56.9,36,86,152,100,EASY,등산
18,M,168.4,52.3,12,86,155.6,120,EASY,필라테스
26,F,164.4,51.9,22.6,86,150.8,129,EASY,요가
25,F,167.5,60,27.1,86,151.4,135,EASY,태보
59,F,169.9,58.8,28.3,86,131,141,HARD,암벽등반
20,F,165.7,48.3,25.1,86,154.4,150,HARD,헬스
24,F,160.2,46.5,22.4,86,152,144,NORMAL,승마
24,M,183.4,106.4,28.2,86,152,141,NORMAL,자전거 라이딩
25,F,165.7,59.8,31.1,86,151.4,141,NORMAL,캐치볼
25,F,164.2,54.7,27,86,151.4,140,NORMAL,풋살
18,F,163.5,59.3,29.6,86,155.6,119,EASY,걷기
48,F,162.7,57.1,36.4,86,137.6,136,HARD,조깅
18,M,169.1,61.7,18.8,86,155.6,135,EASY,런닝머신
50,F,160.9,57.2,34.3,86,136.4,107,EASY,사이클링
42,M,170.5,77.9,30.6,86,141.2,128,NORMAL,수영
20,F,165.2,51.4,20.1,86,154.4,145,NORMAL,댄스
22,F,166.4,47.3,26,86,153.2,159,HARD,에어로빅
25,F,161.3,49.3,32.2,86,151.4,129,EASY,체조
40,M,173.7,90,34.3,86,142.4,124,EASY,필라테스
23,F,168.6,67.4,32.6,86,152.6,148,HARD,요가
23,F,166.3,58.1,23.7,86,152.6,139,NORMAL,골프
47,M,163.8,76.2,27.6,86,138.2,140,HARD,볼링
30,F,160,51.8,28.8,86,148.4,123,EASY,탁구
23,F,163.1,47.3,23.1,86,152.6,150,HARD,등산
22,M,184.1,73.1,16.5,86,153.2,123,EASY,필라테스
61,F,158,59.9,35.3,86,129.8,150,HARD,요가
22,F,168.2,61,26,86,153.2,163,HARD,태보
18,F,171.2,69,23,86,155.6,134,EASY,암벽등반
18,M,171.6,64.9,22.3,86,155.6,136,EASY,헬스
63,F,154,55.8,30,86,128.6,146,HARD,승마
54,F,158.3,66.8,42.2,87,134.4,157,HARD,자전거 라이딩
18,M,174.8,88.3,28.2,87,156,131,EASY,캐치볼
29,F,160.5,50.4,28.5,87,149.4,147,HARD,풋살
55,F,154,50.5,37.1,87,133.8,125,NORMAL,걷기
52,F,146.4,53.3,41.1,87,135.6,147,HARD,조깅
20,F,159.9,68,42.9,87,154.8,170,HARD,런닝머신
25,F,160.1,52.9,25.7,87,151.8,127,EASY,사이클링
24,M,175.8,81.4,23.8,87,152.4,129,EASY,수영
19,F,161.2,54.7,26.3,87,155.4,146,NORMAL,댄스
50,F,165.6,61.7,33,87,136.8,119,EASY,에어로빅
56,F,155.5,72.5,43.6,87,133.2,155,HARD,체조
19,M,184.9,81.1,9.7,87,155.4,110,EASY,필라테스
64,F,148.6,59.9,37.8,87,128.4,129,HARD,요가
62,M,164,73.1,27.4,87,129.6,143,HARD,골프
54,F,158.9,58.8,30.2,87,134.4,143,HARD,볼링
20,F,168,59.7,34,87,154.8,97,EASY,탁구
29,F,162.9,53.5,29.9,87,149.4,134,EASY,등산
59,F,148,43.2,26.7,87,131.4,148,HARD,필라테스
18,M,182.6,73.4,15.1,87,156,142,NORMAL,요가
54,F,156.3,43.4,19.1,87,134.4,150,HARD,태보
52,F,148,66.7,44.3,87,135.6,165,HARD,암벽등반
48,F,161.6,52.6,25.9,87,138,129,NORMAL,헬스
40,M,172.6,68.8,15.3,87,142.8,105,EASY,승마
59,F,155.3,55.4,35.5,87,131.4,136,HARD,자전거 라이딩
18,M,170.4,58.4,10.8,87,156,130,EASY,캐치볼
25,F,156.9,50.8,28.8,87,151.8,133,EASY,풋살
29,M,180.7,84.8,19.5,87,149.4,129,EASY,걷기
18,F,168.9,60.2,30.9,87,156,148,NORMAL,조깅
22,F,162.7,46.9,28,87,153.6,151,HARD,런닝머신
55,F,153.4,53.7,30.2,87,133.8,150,HARD,사이클링
62,F,162,57.6,34.7,87,129.6,163,HARD,수영
64,F,161,71,37.3,87,128.4,124,HARD,댄스
28,F,158.6,42.6,19.4,87,150,130,EASY,에어로빅
19,M,170.4,92,34.9,87,155.4,136,EASY,체조
45,F,167.1,47.9,18.3,87,139.8,134,NORMAL,필라테스
47,F,159.7,55.1,33.4,87,138.6,131,NORMAL,요가
22,F,163.1,50.3,23.3,87,153.6,146,NORMAL,골프
19,M,176.2,70,9.8,87,155.4,137,EASY,볼링
44,F,155.8,63.2,36.9,87,140.4,143,HARD,탁구
60,M,167.8,76.9,28.1,87,130.8,137,HARD,등산
34,M,179.6,73.8,18.1,88,146.8,149,HARD,필라테스
64,F,155.8,58.9,33.8,88,128.8,147,HARD,요가
18,F,162.6,48.6,22,88,156.4,167,HARD,태보
50,F,158.6,53.6,24.4,88,137.2,122,EASY,암벽등반
46,M,170,78.6,25.8,88,139.6,133,NORMAL,헬스
31,F,166.6,54.3,25.8,88,148.6,139,NORMAL,승마
29,M,181.1,82.4,12.8,88,149.8,129,EASY,자전거 라이딩
42,M,169.5,77,20.9,88,142,123,EASY,캐치볼
60,M,173.2,70.2,22.8,88,131.2,129,HARD,풋살
20,F,166.6,54.2,21.8,88,155.2,149,NORMAL,걷기
19,F,159.7,76.4,38.7,88,155.8,155,HARD,조깅
21,M,184.1,56.8,9.4,88,154.6,115,EASY,런닝머신
56,F,156.6,59.3,35.6,88,133.6,153,HARD,사이클링
60,M,175.5,70.3,18.8,88,131.2,127,HARD,수영
47,M,171.7,97.8,33.3,88,139,154,HARD,댄스
34,M,172.4,76,29.7,88,146.8,127,EASY,에어로빅
62,F,161.3,55.6,29.9,88,130,145,HARD,체조
45,F,160.8,51,28.7,88,140.2,108,EASY,필라테스
64,F,153,56.7,34,88,128.8,152,HARD,요가
21,F,169.1,48.1,27.3,88,154.6,160,HARD,골프
26,F,168.2,57,24.7,88,151.6,148,HARD,볼링
19,F,168.4,69.9,29.8,88,155.8,119,EASY,탁구
54,F,157.6,51.2,23.2,88,134.8,97,EASY,등산
29,F,169.8,62.7,23,88,149.8,141,NORMAL,필라테스
21,F,171.3,71.7,31.3,88,154.6,124,EASY,요가
52,F,153.4,54.4,30.3,88,136,171,HARD,태보
18,M,180.1,78,15.8,88,156.4,125,EASY,암벽등반
23,F,160.6,59.3,36.3,88,153.4,147,NORMAL,헬스
23,F,163.3,51.5,31.3,88,153.4,123,EASY,승마
59,M,172.7,81.2,22.4,88,131.8,145,HARD,자전거 라이딩
24,M,172,65.5,18.9,88,152.8,138,NORMAL,캐치볼
33,F,153.9,51.1,35.6,88,147.4,164,HARD,풋살
59,M,169.7,57.5,15.3,88,131.8,126,NORMAL,걷기
27,F,162.6,49.6,16.6,88,151,136,EASY,조깅
31,F,163.7,59.4,37.5,88,148.6,161,HARD,런닝머신
24,F,164.8,55.3,25.8,88,152.8,145,NORMAL,사이클링
23,F,165.2,50.8,20.7,88,153.4,139,NORMAL,수영
58,F,157.5,57.9,34.8,88,132.4,136,HARD,댄스
28,M,180.1,88.08,23.6,88,150.4,128,EASY,에어로빅
34,M,177.1,131.5,41.6,88,146.8,140,NORMAL,체조
22,F,165.5,54.6,22.7,88,154,122,EASY,필라테스
27,F,163.6,48.3,24.3,88,151,146,HARD,요가
40,F,161.2,55.3,24.8,88,143.2,138,NORMAL,골프
24,F,163,56.8,29.7,88,152.8,154,HARD,볼링
18,M,182.1,77.8,14.9,88,156.4,138,EASY,탁구
33,F,159.8,48.5,24,88,147.4,129,EASY,등산
61,F,155.1,60.8,32.1,88,130.6,141,HARD,필라테스
23,M,181.2,65,12.1,88,153.4,136,EASY,요가
21,F,155.8,52.1,32.8,88,154.6,116,EASY,태보
20,F,168.5,56.9,27.1,88,155.2,162,HARD,암벽등반
39,F,158.2,51,29.4,89,144.2,148,HARD,헬스
31,F,167.1,74.1,34,89,149,156,HARD,승마
24,F,166.7,55.2,28.2,89,153.2,157,HARD,자전거 라이딩
20,M,170,84.3,24.1,89,155.6,154,HARD,캐치볼
18,F,165.3,56.4,33,89,156.8,159,HARD,풋살
63,M,165.3,61,17.5,89,129.8,118,NORMAL,걷기
26,F,159.2,54.8,30,89,152,149,HARD,조깅
44,F,160.3,68,37.2,89,141.2,133,NORMAL,런닝머신
52,F,166.1,59.8,32.2,89,136.4,157,HARD,사이클링
17,M,176,61.3,11,89,157.4,124,EASY,수영
17,M,173.3,62.6,9.2,89,157.4,120,EASY,댄스
25,F,163.2,49.6,23.8,89,152.6,150,HARD,에어로빅
27,M,167.7,67.4,16.3,89,151.4,129,EASY,체조
24,M,171.5,54,8.9,89,153.2,139,NORMAL,필라테스
18,M,180,82.2,18.3,89,156.8,114,EASY,요가
22,M,175.4,72.8,17,89,154.4,145,NORMAL,골프
19,M,171.4,63.5,13.5,89,156.2,174,HARD,볼링
60,F,153.5,70.9,43.6,89,131.6,137,HARD,탁구
62,M,167.4,62.6,22.9,89,130.4,120,NORMAL,등산
61,F,162.6,76.1,38.8,89,131,168,HARD,필라테스
21,F,161.7,53.1,31,89,155,136,EASY,요가
18,M,168.3,62.9,11.8,89,156.8,149,NORMAL,태보
23,M,174,65.8,19.1,89,153.8,109,EASY,암벽등반
25,M,176.5,80.8,20.6,89,152.6,118,EASY,헬스
31,M,176,87.2,23.1,89,149,104,EASY,승마
28,M,170.2,66.7,23.3,89,150.8,127,EASY,자전거 라이딩
30,F,158.1,81.9,44.7,89,149.6,161,HARD,캐치볼
56,F,151.5,67.7,42.9,89,134,156,HARD,풋살
60,M,165.9,66.9,32.1,89,131.6,129,HARD,걷기
54,F,161.6,77,43.3,89,135.2,150,HARD,조깅
22,M,175.2,60.6,20.7,89,154.4,121,EASY,런닝머신
60,M,175.2,63.8,12.9,89,131.6,137,HARD,사이클링
56,F,160.3,64.5,37.1,89,134,141,HARD,수영
19,M,181.3,105.4,34.7,89,156.2,165,HARD,댄스
26,F,153,50.3,28.7,89,152,123,EASY,에어로빅
21,F,159,51.5,30.8,89,155,149,NORMAL,체조
63,F,147.1,54,33.8,89,129.8,148,HARD,필라테스
25,M,191.6,85.2,19,89,152.6,136,EASY,요가
42,F,161,51.4,26.8,89,142.4,149,HARD,골프
18,M,164.7,56.7,12.7,89,156.8,104,EASY,볼링
21,F,169.7,66.5,28.7,89,155,150,HARD,탁구
25,F,170.7,60,32,89,152.6,157,HARD,등산
23,F,166.7,55.1,26.7,89,153.8,157,HARD,필라테스
56,F,155.8,71.4,46.1,89,134,178,HARD,요가
57,F,161.4,69.4,42.6,89,133.4,157,HARD,태보
27,M,179.9,78.7,10.3,89,151.4,133,EASY,암벽등반
63,F,159,50.1,22.3,89,129.8,146,HARD,헬스
39,F,165.4,85.7,38.2,89,144.2,138,NORMAL,승마
21,M,177.8,65.2,17.9,89,155,130,EASY,자전거 라이딩
54,F,153.8,55.4,33.8,89,135.2,130,NORMAL,캐치볼
64,F,159.3,57.8,25.9,89,129.2,114,EASY,풋살
41,F,162.4,71.3,42,89,143,155,HARD,걷기
61,M,160.8,64.5,22.1,89,131,126,HARD,조깅
18,F,165.5,91.1,45,89,156.8,154,HARD,런닝머신
19,F,162.9,54.8,34.2,89,156.2,148,NORMAL,사이클링
25,F,163,54.8,35.8,89,152.6,157,HARD,수영
18,M,164.6,55.4,10.8,90,157.2,115,EASY,댄스
54,F,154.2,49.4,26.5,90,135.6,134,HARD,에어로빅
23,F,165.3,49.8,20.8,90,154.2,156,HARD,체조
17,M,169.2,67.1,21.2,90,157.8,135,EASY,필라테스
20,F,164.7,58.3,34,90,156,144,NORMAL,요가
19,M,178.6,76.7,26,90,156.6,170,HARD,골프
32,M,178.5,67.7,14.1,90,148.8,139,NORMAL,볼링
23,F,153.8,56.6,33.3,90,154.2,170,HARD,탁구
19,M,174,59.3,8.2,90,156.6,127,EASY,등산
20,M,168,74.3,29.2,90,156,133,EASY,필라테스
19,F,164.1,69.8,31.1,90,156.6,154,HARD,요가
28,M,169.1,59.2,16.6,90,151.2,133,EASY,태보
23,F,173,67.6,31.4,90,154.2,138,EASY,암벽등반
46,M,167,82.9,32.1,90,140.4,130,NORMAL,헬스
34,M,166.5,64,12.6,90,147.6,126,EASY,승마
23,F,162.2,51.9,27.5,90,154.2,159,HARD,자전거 라이딩
56,F,156.8,55.1,36.7,90,134.4,154,HARD,캐치볼
21,M,172.1,72.5,12.8,90,155.4,131,EASY,풋살
19,M,168,57.6,18.8,90,156.6,125,EASY,걷기
57,F,156,77.7,45.4,90,133.8,144,HARD,조깅
50,F,166.6,60.5,33.3,90,138,147,HARD,런닝머신
26,F,164.4,55.9,22.5,90,152.4,137,EASY,사이클링
27,F,165,62.5,31.3,90,151.8,113,EASY,수영
37,M,177.8,79.9,9.8,90,145.8,125,EASY,댄스
55,F,159,52,34,90,135,116,EASY,에어로빅
27,F,151,51.3,31.6,90,151.8,163,HARD,체조
30,M,175.5,82.4,25.9,90,150,126,EASY,필라테스
21,F,155.7,54,28.2,90,155.4,145,NORMAL,요가
31,F,158.5,56.2,31,90,149.4,136,NORMAL,골프
34,M,167.5,58.2,14.4,90,147.6,139,NORMAL,볼링
24,F,169,60.4,29.5,90,153.6,141,NORMAL,탁구
19,M,173.6,62.8,16.2,90,156.6,129,EASY,등산
63,M,170.5,71.2,24,90,130.2,145,HARD,필라테스
21,F,161.8,53.8,29.3,90,155.4,158,HARD,요가
61,F,158.4,53.3,26.4,90,131.4,129,HARD,태보
18,F,166.6,59.3,26.3,90,157.2,136,EASY,암벽등반
24,M,174.3,83,22.7,90,153.6,132,EASY,헬스
40,F,165.7,74.6,36,90,144,141,HARD,승마
36,M,187,95.8,18.3,90,146.4,125,EASY,자전거 라이딩
18,M,182.1,69.1,7.6,90,157.2,124,EASY,캐치볼
44,F,160.5,76.4,47.9,90,141.6,171,HARD,풋살
24,M,166.4,73.6,14.4,90,153.6,125,EASY,걷기
23,F,163.1,47.3,22.2,90,154.2,148,NORMAL,조깅
63,M,172,81,31,90,130.2,135,HARD,런닝머신
21,F,175,60.4,34.6,90,155.4,99,EASY,사이클링
22,F,164.9,59.9,36,90,154.8,176,HARD,수영
24,F,174.4,65.3,22.6,90,153.6,129,EASY,댄스
24,F,162.5,54,36.5,90,153.6,151,HARD,에어로빅
20,F,166.3,52.2,25.2,90,156,141,EASY,체조
27,F,161.5,57,26.7,90,151.8,139,NORMAL,필라테스
24,F,163.4,50.1,21.2,90,153.6,165,HARD,요가
22,F,166.6,51.9,25.7,90,154.8,151,HARD,골프
23,M,184,80.6,13.5,90,154.2,110,EASY,볼링
45,M,179.4,81.3,16.4,90,141,120,EASY,탁구
21,F,161,59.8,34.4,90,155.4,145,NORMAL,등산
28,M,184,75,14.8,90,151.2,135,EASY,필라테스
21,F,155.1,44.8,28.9,90,155.4,150,NORMAL,요가
23,F,171.2,57.4,27.4,90,154.2,114,EASY,태보
17,F,162.2,74.5,37.4,90,157.8,158,HARD,암벽등반
55,F,149,48.5,33.5,90,135,161,HARD,헬스
19,M,172,70.4,19.9,90,156.6,123,EASY,승마
18,M,177.5,64.3,7.3,90,157.2,143,NORMAL,자전거 라이딩
23,F,168.4,55.2,27.3,90,154.2,163,HARD,캐치볼
27,F,164.8,67.4,38.9,90,151.8,144,NORMAL,풋살
18,F,167.3,69.8,34.8,90,157.2,138,EASY,걷기
24,F,175.3,56.2,26.2,90,153.6,140,NORMAL,조깅
24,M,174,81.8,19,90,153.6,136,EASY,런닝머신
21,F,168,53.6,31,90,155.4,164,HARD,사이클링
60,F,155.6,55.1,31.4,90,132,152,HARD,수영
18,F,161.3,52.4,29.3,90,157.2,146,NORMAL,댄스
31,F,161.9,61.4,34.3,91,149.8,152,HARD,에어로빅
19,F,155.2,43.6,26.2,91,157,145,NORMAL,체조
21,F,157.5,56.8,32.1,91,155.8,150,NORMAL,필라테스
54,F,155.9,63.5,37.4,91,136,158,HARD,요가
55,F,161.2,58.5,31.1,91,135.4,138,HARD,골프
63,M,163.3,69.6,26.3,91,130.6,124,NORMAL,볼링
23,F,154.1,44.8,24.2,91,154.6,168,HARD,탁구
37,F,160.7,55,28.6,91,146.2,141,NORMAL,등산
17,F,160.2,46.5,19.6,91,158.2,139,EASY,필라테스
24,M,171.9,83.5,24.7,91,154,131,EASY,요가
53,F,165.4,81.4,45.4,91,136.6,150,HARD,태보
60,F,166.7,73.8,37.1,91,132.4,154,HARD,암벽등반
26,M,174.4,71.4,29,91,152.8,131,EASY,헬스
46,M,171.4,72.4,12.9,91,140.8,127,NORMAL,승마
23,F,156.5,52.1,32.8,91,154.6,152,HARD,자전거 라이딩
25,F,165.5,52.7,22.3,91,153.4,145,NORMAL,캐치볼
20,M,172.6,87,23.6,91,156.4,137,EASY,풋살
24,F,173.1,61.6,32,91,154,174,HARD,걷기
21,M,179,79.9,17.1,91,155.8,135,EASY,조깅
25,F,163.2,58.9,35.6,91,153.4,158,HARD,런닝머신
35,M,177.6,99,38.5,91,147.4,133,NORMAL,사이클링
19,F,159.7,60.8,36.9,91,157,144,NORMAL,수영
23,M,168.5,51.5,17.5,91,154.6,97,EASY,댄스
26,F,167.5,53.2,16.8,91,152.8,156,HARD,에어로빅
50,F,155.7,49.9,30,91,138.4,135,HARD,체조
26,F,168.3,55.4,30.8,91,152.8,140,NORMAL,필라테스
24,F,170,57.2,35.6,91,154,135,EASY,요가
44,F,166.5,54.9,26.7,91,142,134,NORMAL,골프
35,M,174.4,72.6,21.9,91,147.4,133,NORMAL,볼링
63,F,159,56.7,36.5,91,130.6,147,HARD,탁구
41,M,167.4,67.6,18.9,91,143.8,128,EASY,등산
28,M,184.5,83.4,18.7,91,151.6,134,EASY,필라테스
25,F,168.8,54.4,19,91,153.4,155,HARD,요가
36,F,157.7,53.3,34.3,91,146.8,149,HARD,태보
19,F,163.1,49.5,24.4,91,157,149,NORMAL,암벽등반
25,F,168.4,55.7,19.4,91,153.4,136,EASY,헬스
17,M,173.5,75.2,24.3,91,158.2,147,NORMAL,승마
55,F,164.1,56.5,33.9,91,135.4,158,HARD,자전거 라이딩
27,M,180.6,76.2,14.5,91,152.2,126,EASY,캐치볼
62,F,159.9,71.9,35.8,91,131.2,160,HARD,풋살
23,M,178.9,81.1,20.4,91,154.6,121,EASY,걷기
18,F,161.6,56,22.3,91,157.6,149,NORMAL,조깅
40,F,165,59,22.6,91,144.4,160,HARD,런닝머신
34,F,154.2,43.1,17.3,91,148,142,NORMAL,사이클링
16,M,168.9,58.9,13.1,91,158.8,119,EASY,수영
54,M,177,77.2,26.6,92,136.4,134,HARD,댄스
22,M,172.8,53.4,15.3,92,155.6,143,NORMAL,에어로빅
63,M,168.3,75.3,24.9,92,131,118,NORMAL,체조
19,M,170.3,75.1,27.3,92,157.4,137,EASY,필라테스
22,F,160.9,55.4,28.7,92,155.6,139,EASY,요가
45,M,169.1,77.1,24.5,92,141.8,117,EASY,골프
61,F,155.4,58,28.3,92,132.2,125,NORMAL,볼링
20,M,179.8,77.5,13.7,92,156.8,123,EASY,탁구
21,F,168.4,54.1,30.3,92,156.2,165,HARD,등산
56,F,157.2,59.5,32.1,92,135.2,140,HARD,필라테스
18,M,178.3,76.9,20.4,92,158,152,NORMAL,요가
24,F,170.4,57.1,23.2,92,154.4,141,NORMAL,태보
29,M,171,87.8,33.8,92,151.4,136,EASY,암벽등반
31,F,165.4,49.8,21.4,92,150.2,142,NORMAL,헬스
49,F,159.3,49.6,23.1,92,139.4,129,NORMAL,승마
30,M,175.4,95.4,35.4,92,150.8,150,HARD,자전거 라이딩
23,F,164.3,52.8,35.4,92,155,152,HARD,캐치볼
43,M,167.2,70.8,20.8,92,143,126,EASY,풋살
26,F,164.9,52.5,23.2,92,153.2,137,EASY,걷기
24,F,161.4,46.7,25.5,92,154.4,138,EASY,조깅
26,M,175.9,77.8,27.8,92,153.2,135,EASY,런닝머신
26,F,167,55,24.4,92,153.2,103,EASY,사이클링
23,F,163.2,50.1,24.3,92,155,146,NORMAL,수영
36,M,165.3,76.2,28.6,92,147.2,132,EASY,댄스
53,F,155,58,38.4,92,137,142,HARD,에어로빅
24,M,177.4,75.6,21,92,154.4,140,NORMAL,체조
18,M,167.8,73.1,24,92,158,139,EASY,필라테스
19,M,171.7,56.4,12.1,92,157.4,124,EASY,요가
64,M,170.8,78.8,24.9,92,130.4,142,HARD,골프
31,M,171.1,82.5,23.5,92,150.2,125,EASY,볼링
18,M,168.4,68.8,16.4,92,158,125,EASY,탁구
28,M,177.5,76.2,20,92,152,133,EASY,등산
43,F,166.3,58.4,24.1,92,143,148,HARD,필라테스
33,M,168.6,70.9,20.7,93,149.4,140,NORMAL,요가
59,F,161.5,62.6,32.6,93,133.8,141,HARD,태보
18,M,183,73.7,9.6,93,158.4,128,EASY,암벽등반
22,F,155.3,51.7,22.1,93,156,75,EASY,헬스
28,M,171.6,49.8,8.9,93,152.4,140,NORMAL,승마
22,F,170.6,68.7,36.6,93,156,171,HARD,자전거 라이딩
36,M,178.6,70.6,17.9,93,147.6,129,EASY,캐치볼
53,F,158.5,63,35.6,93,137.4,154,HARD,풋살
64,F,157.1,55.6,31.1,93,130.8,143,HARD,걷기
17,M,168.9,67,22,93,159,135,EASY,조깅
23,F,154.3,45.1,23.3,93,155.4,165,HARD,런닝머신
57,F,157.9,53.9,31.2,93,135,124,NORMAL,사이클링
19,F,165.2,82.2,43.8,93,157.8,155,HARD,수영
19,M,167.8,72.5,19.9,93,157.8,141,EASY,댄스
18,F,167.1,50.6,21.9,93,158.4,141,EASY,에어로빅
52,F,166,51.2,27.4,93,138,134,HARD,체조
24,M,180.4,75.2,14.7,93,154.8,138,EASY,필라테스
27,F,169.5,59.1,28.3,93,153,150,HARD,요가
61,F,146.5,49.3,33.1,93,132.6,136,HARD,골프
28,M,168,61.8,21.5,93,152.4,130,EASY,볼링
26,F,148.8,72.5,42,93,153.6,151,HARD,탁구
25,F,165,51.8,27.1,93,154.2,146,NORMAL,등산
62,F,153.8,52.4,34.6,93,132,149,HARD,필라테스
21,F,173.5,64.9,34.3,93,156.6,150,NORMAL,요가
22,M,171,68.7,17.1,93,156,135,EASY,태보
24,F,167,57.9,23.7,93,154.8,143,NORMAL,암벽등반
62,M,161.4,80,35.3,93,132,141,HARD,헬스
21,F,166.1,47.7,24.2,93,156.6,146,NORMAL,승마
18,M,163.7,58.6,14.2,93,158.4,139,EASY,자전거 라이딩
62,M,163.9,65.6,26.3,93,132,140,HARD,캐치볼
44,F,164.1,52.5,21.6,93,142.8,93,EASY,풋살
58,M,174.6,74.7,18.6,93,134.4,126,NORMAL,걷기
26,M,176.2,66,10.7,93,153.6,175,HARD,조깅
49,F,159.6,50,22.7,93,139.8,148,HARD,런닝머신
21,M,174,79.5,24.8,93,156.6,135,EASY,사이클링
27,F,164.7,53.1,22.9,93,153,124,EASY,수영
28,F,157.7,59.3,29.5,93,152.4,150,HARD,댄스
23,F,158.6,49.2,23.8,93,155.4,150,NORMAL,에어로빅
22,F,167.9,52,28,93,156,163,HARD,체조
22,F,164.8,52.1,25.8,93,156,152,HARD,필라테스
17,M,162,69.04,24.2,93,159,155,HARD,요가
26,F,170.2,51.7,20.7,93,153.6,151,HARD,골프
20,F,170,56.5,26.6,93,157.2,111,EASY,볼링
29,F,155.4,61.7,37.2,93,151.8,165,HARD,탁구
64,M,171,79.6,24.9,93,130.8,139,HARD,등산
49,M,161.5,73.4,26.2,93,139.8,135,HARD,필라테스
34,M,175,87.8,32.1,93,148.8,127,EASY,요가
19,M,173.8,63,16.4,93,157.8,138,EASY,태보
19,F,162.4,70.9,38.4,93,157.8,140,EASY,암벽등반
19,M,173.9,72,20,93,157.8,133,EASY,헬스
58,M,168.1,71.5,31.4,93,134.4,128,NORMAL,승마
23,F,168.2,54.9,25.2,94,155.8,144,NORMAL,자전거 라이딩
18,F,161.1,48.7,25.5,94,158.8,134,EASY,캐치볼
18,M,171.8,66.5,20.2,94,158.8,127,EASY,풋살
27,M,181,85,30,94,153.4,156,HARD,걷기
57,F,154.7,47.4,24.5,94,135.4,137,HARD,조깅
56,M,155.1,77.3,43.4,94,136,158,HARD,런닝머신
26,F,169.8,65.1,27.9,94,154,164,HARD,사이클링
18,M,170.9,72.8,14.9,94,158.8,135,EASY,수영
28,F,155.6,44.6,23.8,94,152.8,134,EASY,댄스
29,M,168.4,75.3,30.1,94,152.2,153,HARD,에어로빅
58,M,168.6,71.4,24.9,94,134.8,127,NORMAL,체조
29,F,158.2,54.2,28.7,94,152.2,165,HARD,필라테스
25,M,183.7,131.8,45,94,154.6,151,HARD,요가
50,F,161.3,61.3,32.2,94,139.6,153,HARD,골프
60,F,153.7,51.2,25.9,94,133.6,145,HARD,볼링
27,F,163.6,55.5,32.2,94,153.4,151,HARD,탁구
34,M,191.7,100.9,27.5,94,149.2,147,HARD,등산
41,F,168.2,55.8,29,94,145,153,HARD,필라테스
26,F,160,53.7,25.4,94,154,162,HARD,요가
55,F,159.4,78.7,42.6,94,136.6,157,HARD,태보
18,F,155,52,34.3,94,158.8,146,NORMAL,암벽등반
27,F,157,46.9,18.6,94,153.4,150,HARD,헬스
27,M,180.3,90.3,22.8,94,153.4,128,EASY,승마
17,M,170.3,62.4,23.7,94,159.4,152,NORMAL,자전거 라이딩
36,M,170.8,63.6,16.2,94,148,134,NORMAL,캐치볼
18,M,173.9,73.5,24.7,94,158.8,154,HARD,풋살
25,F,174.2,60.3,27,94,154.6,154,HARD,걷기
21,F,165.4,57.1,26.2,94,157,141,EASY,조깅
24,F,167.6,55.3,32.3,94,155.2,143,NORMAL,런닝머신
26,F,166.4,56.8,22.9,94,154,149,HARD,사이클링
23,F,168.4,50.8,24.9,94,155.8,150,NORMAL,수영
48,M,174.6,74.7,25.2,94,140.8,134,NORMAL,댄스
23,M,169.7,61.3,14.9,94,155.8,115,EASY,에어로빅
42,F,156.7,45.34,26,94,144.4,143,HARD,체조
23,F,155.2,46.5,19.6,94,155.8,123,EASY,필라테스
23,F,179.4,77.8,30,94,155.8,162,HARD,요가
18,M,177.1,64.2,9,94,158.8,140,EASY,골프
23,F,167,50.8,23.5,94,155.8,150,NORMAL,볼링
25,M,174.6,69.3,19.2,94,154.6,134,EASY,탁구
16,M,171.5,69.1,20.7,94,160,159,HARD,등산
24,F,170.2,54.9,27.6,94,155.2,160,HARD,필라테스
59,F,162.8,64.3,35.9,94,134.2,149,HARD,요가
25,F,163,58.1,31.4,94,154.6,82,EASY,태보
38,M,183,77.6,16.7,94,146.8,159,HARD,암벽등반
62,M,176.8,71.8,24.6,94,132.4,141,HARD,헬스
25,F,162.3,56.9,29.9,94,154.6,135,EASY,승마
45,M,174.9,92.7,29.1,94,142.6,128,NORMAL,자전거 라이딩
17,F,169.5,65.9,30.1,94,159.4,161,HARD,캐치볼
23,F,166.5,52.3,24.8,94,155.8,139,EASY,풋살
61,F,148.4,46.8,25.2,94,133,126,NORMAL,걷기
21,F,160.7,60.4,31.6,94,157,157,HARD,조깅
44,M,184,85.8,25.1,94,143.2,141,HARD,런닝머신
24,M,150.9,43,21.9,94,155.2,149,NORMAL,사이클링
26,F,175.1,54.9,21.5,94,154,169,HARD,수영
53,M,174,68.8,23.9,94,137.8,123,NORMAL,댄스
31,F,158.6,53.4,26,94,151,135,EASY,에어로빅
25,F,156,52.9,23,94,154.6,140,NORMAL,체조
38,F,156.8,70.9,42.1,94,146.8,169,HARD,필라테스
23,F,164.9,53.9,27.4,94,155.8,135,EASY,요가
62,F,158.2,56,29.1,94,132.4,163,HARD,골프
60,F,155.8,59.3,34.7,94,133.6,169,HARD,볼링
23,M,175.3,71.9,20.6,94,155.8,141,NORMAL,탁구
18,M,178.8,71.5,15.7,95,159.2,130,EASY,등산
50,F,160,74.4,41.1,95,140,167,HARD,필라테스
20,M,182,81.7,14.1,95,158,152,NORMAL,요가
18,M,170.7,68.5,11.8,95,159.2,124,EASY,태보
57,M,174,67.6,25.1,95,135.8,123,NORMAL,암벽등반
42,F,158.1,49.8,29.3,95,144.8,137,NORMAL,헬스
31,M,176.3,75,24,95,151.4,130,EASY,승마
19,M,165.3,68.6,25.7,95,158.6,140,EASY,자전거 라이딩
20,M,172.2,67,12,95,158,126,EASY,캐치볼
30,M,176.7,70.7,20.4,95,152,137,EASY,풋살
23,F,157.8,61.9,25.7,95,156.2,120,EASY,걷기
28,M,177.2,64.2,19.3,95,153.2,145,NORMAL,조깅
18,M,177.4,55.22,9.3,95,159.2,154,NORMAL,런닝머신
52,F,167.1,72.8,34.3,95,138.8,146,HARD,사이클링
23,M,177.4,60.8,4.9,95,156.2,148,NORMAL,수영
19,F,171.3,81.7,33.1,95,158.6,146,NORMAL,댄스
58,F,149.6,52.3,36.9,95,135.2,144,HARD,에어로빅
31,M,171.5,67.5,18.7,95,151.4,130,EASY,체조
36,F,169.4,63.2,23.4,95,148.4,138,NORMAL,필라테스
27,M,185.4,70.5,21.3,95,153.8,129,EASY,요가
62,M,169.8,63.3,23.3,95,132.8,155,HARD,골프
24,F,165.4,48.2,24.7,95,155.6,149,NORMAL,볼링
20,F,164.3,78.7,39.1,95,158,143,EASY,탁구
64,F,161.3,55,33.1,95,131.6,130,HARD,등산
24,M,179.2,83.2,19.1,95,155.6,140,EASY,필라테스
23,F,160.3,52.4,27.2,95,156.2,144,NORMAL,요가
44,M,173.5,88,23.4,95,143.6,120,EASY,태보
54,M,172.3,80.7,23.7,95,137.6,145,HARD,암벽등반
48,M,175.5,74.2,24.4,95,141.2,144,HARD,헬스
20,M,173.1,72.8,13.3,95,158,134,EASY,승마
23,F,171.7,49.8,17.5,95,156.2,159,HARD,자전거 라이딩
18,F,162.2,49.1,25.1,95,159.2,144,EASY,캐치볼
28,M,176,65.5,18.2,95,153.2,100,EASY,풋살
30,F,156,47.9,18.9,95,152,152,HARD,걷기
24,M,173.9,61.2,18.7,95,155.6,141,NORMAL,조깅
58,F,162.9,52.3,28,95,135.2,147,HARD,런닝머신
23,F,169,51.6,33.5,95,156.2,139,EASY,사이클링
22,F,162.9,54.9,29.3,95,156.8,159,HARD,수영
20,F,157.8,53.6,35.2,95,158,156,HARD,댄스
20,F,167.1,49.8,22.2,95,158,140,EASY,에어로빅
27,F,163.9,48.5,23,95,153.8,162,HARD,체조
48,F,153.1,44.8,29.6,95,141.2,168,HARD,필라테스
26,M,184.3,90.5,20.5,95,154.4,139,EASY,요가
32,F,158.7,55.2,32.6,95,150.8,160,HARD,골프
20,M,168.6,55.4,17.2,95,158,155,HARD,볼링
21,F,157.8,78.2,38.8,95,157.4,176,HARD,탁구
26,F,174,54,19.7,95,154.4,128,EASY,등산
17,M,162,68.46,25.9,95,159.8,150,NORMAL,필라테스
55,M,173.7,73.7,29.3,95,137,138,HARD,요가
34,F,162.9,51.5,26.6,95,149.6,144,NORMAL,태보
51,F,151.6,54.8,35,95,139.4,143,HARD,암벽등반
64,F,156.4,55.2,32.8,95,131.6,139,HARD,헬스
51,F,161.1,66.9,35.7,95,139.4,175,HARD,승마
62,M,177,77.8,21.2,95,132.8,98,EASY,자전거 라이딩
30,F,162.1,61.6,26.9,96,152.4,153,HARD,캐치볼
26,F,172.9,56.8,22.5,96,154.8,136,EASY,풋살
19,F,162.5,55.8,33.4,96,159,150,NORMAL,걷기
18,M,167.9,65.2,15.6,96,159.6,123,EASY,조깅
19,M,192,85,17.4,96,159,138,EASY,런닝머신
57,F,159.6,61.6,32.3,96,136.2,154,HARD,사이클링
42,F,156.7,73.8,40.5,96,145.2,150,HARD,수영
22,F,172.9,67.6,32,96,157.2,152,NORMAL,댄스
21,F,154.2,55.4,33.3,96,157.8,171,HARD,에어로빅
22,F,165.6,48.3,24.9,96,157.2,177,HARD,체조
19,M,176.3,56.8,12.5,96,159,146,NORMAL,필라테스
31,F,161.3,52.4,26.3,96,151.8,122,EASY,요가
56,F,150.1,58.5,33.2,96,136.8,129,NORMAL,골프
24,M,174.4,73.3,20.7,96,156,124,EASY,볼링
26,M,178.6,76.4,24.6,96,154.8,139,EASY,탁구
27,F,149.7,57.9,33.3,96,154.2,164,HARD,등산
28,F,154.6,53.5,30.9,96,153.6,170,HARD,필라테스
29,M,173.3,95.9,24.9,96,153,152,HARD,요가
45,F,162,54.2,29.9,96,143.4,132,NORMAL,태보
47,F,158.5,60,34.8,96,142.2,148,HARD,암벽등반
35,F,157,49.2,18.7,96,149.4,138,NORMAL,헬스
62,M,167.6,73.9,26.1,96,133.2,132,HARD,승마
23,F,168.7,51.7,21.6,96,156.6,155,HARD,자전거 라이딩
26,F,163.4,54.9,28.6,96,154.8,150,HARD,캐치볼
34,F,162.8,57,25.3,96,150,149,HARD,풋살
39,M,181.4,94.9,33.2,96,147,119,EASY,걷기
42,M,171.7,80.6,31.2,96,145.2,133,NORMAL,조깅
18,M,172.2,59,16,96,159.6,150,NORMAL,런닝머신
19,M,162,59.6,19.9,96,159,139,EASY,사이클링
18,M,173.7,76.3,23.8,96,159.6,154,NORMAL,수영
22,M,174.6,76.9,19.3,96,157.2,139,EASY,댄스
23,F,163,41.9,19.6,96,156.6,142,NORMAL,에어로빅
26,F,162.7,55.3,32.3,96,154.8,170,HARD,체조
18,M,164.9,62.2,18.7,96,159.6,134,EASY,필라테스
18,F,164.7,47.8,16.1,96,159.6,138,EASY,요가
28,F,172.4,55.3,27.5,96,153.6,147,NORMAL,골프
39,F,169.1,66.5,35.4,96,147,155,HARD,볼링
21,F,166.4,47.8,21.5,96,157.8,149,NORMAL,탁구
26,F,168.7,58.4,27.6,96,154.8,162,HARD,등산
21,F,167.4,47.4,27,96,157.8,167,HARD,필라테스
40,F,160.2,50.7,22.2,96,146.4,125,EASY,요가
25,F,173.8,55.5,28,96,155.4,153,HARD,태보
19,F,160.3,57.4,32.2,96,159,164,HARD,암벽등반
63,F,150.8,80.5,49.3,96,132.6,148,HARD,헬스
18,M,177.4,55.98,9.2,96,159.6,155,HARD,승마
17,F,160.2,47.3,18.8,96,160.2,140,EASY,자전거 라이딩
28,M,188.1,83.8,16.5,96,153.6,147,NORMAL,캐치볼
18,M,188.6,99.1,21.5,96,159.6,141,EASY,풋살
39,M,173.1,65,14.4,96,147,142,HARD,걷기
20,F,170.2,67.7,30.5,96,158.4,157,HARD,조깅
22,F,163.9,53.2,27.2,96,157.2,140,EASY,런닝머신
19,M,179.2,75,20,96,159,125,EASY,사이클링
25,F,164,48.8,23.3,96,155.4,148,NORMAL,수영
36,M,176.4,102,36.7,96,148.8,138,NORMAL,댄스
24,F,164.7,48.9,19,96,156,146,NORMAL,에어로빅
22,F,171,56.5,30.5,96,157.2,162,HARD,체조
64,M,178.1,88,25.7,96,132,149,HARD,필라테스
23,F,154.5,51.9,29.7,96,156.6,146,NORMAL,요가
23,M,172.9,65.4,14.2,96,156.6,132,EASY,골프
27,M,179.9,77.2,19.8,96,154.2,123,EASY,볼링
22,F,164.4,55.5,27.1,97,157.6,154,HARD,탁구
30,F,159.2,77.6,37,97,152.8,139,NORMAL,등산
20,M,171.1,68.5,16,97,158.8,132,EASY,필라테스
59,M,176.1,81.1,25.9,97,135.4,131,HARD,요가
22,F,159.7,45.6,24.5,97,157.6,131,EASY,태보
51,F,157.5,62.3,35.6,97,140.2,113,EASY,암벽등반
21,F,159.8,79.3,38.7,97,158.2,184,HARD,헬스
17,M,162,68.52,24.6,97,160.6,154,NORMAL,승마
19,M,174.3,63.7,10,97,159.4,132,EASY,자전거 라이딩
28,F,164.4,58.8,28.1,97,154,141,NORMAL,캐치볼
31,M,171.4,68.4,34.5,97,152.2,145,NORMAL,풋살
27,M,175.1,74.6,19.3,97,154.6,136,EASY,걷기
20,M,170.5,62.5,16.1,97,158.8,132,EASY,조깅
21,M,172.9,70.6,18.4,97,158.2,155,HARD,런닝머신
27,F,162,55.2,32.4,97,154.6,163,HARD,사이클링
18,M,177.8,61.9,8.6,97,160,145,EASY,수영
21,F,165.7,65.3,34.5,97,158.2,150,NORMAL,댄스
51,M,160.6,87.4,37,97,140.2,132,NORMAL,에어로빅
26,F,167.2,49.5,21,97,155.2,143,NORMAL,체조
18,M,170.9,74.3,16.2,97,160,140,EASY,필라테스
45,M,181.4,84.4,14.9,97,143.8,134,NORMAL,요가
31,M,173.1,77,30.8,97,152.2,136,EASY,골프
62,M,163.2,70.3,25.5,97,133.6,129,HARD,볼링
24,F,167.2,56.7,28.1,97,156.4,157,HARD,탁구
62,M,167.5,73.5,27.4,97,133.6,133,HARD,등산
18,M,162.6,64.6,20.4,97,160,120,EASY,필라테스
22,F,155.5,55.8,32.7,97,157.6,165,HARD,요가
21,F,166.2,45.8,19.9,97,158.2,176,HARD,태보
49,F,163.3,51.4,27.1,97,141.4,158,HARD,암벽등반
24,F,165,48.5,17.9,97,156.4,129,EASY,헬스
19,F,168.6,62.8,33.6,97,159.4,172,HARD,승마
22,M,172.7,117.7,42.5,97,157.6,141,EASY,자전거 라이딩
26,F,162.3,51.5,29.4,97,155.2,151,HARD,캐치볼
22,F,171.1,54.8,21.9,97,157.6,150,NORMAL,풋살
22,M,186,84,20.3,97,157.6,157,HARD,걷기
23,F,162.3,52.6,34.2,97,157,174,HARD,조깅
24,F,164.1,49.6,25,97,156.4,149,NORMAL,런닝머신
23,F,161.3,67.9,36.5,97,157,169,HARD,사이클링
20,F,170,52.7,33.4,97,158.8,137,EASY,수영
18,M,174.7,59,14.7,97,160,161,HARD,댄스
58,F,153,59.1,36,97,136,143,HARD,에어로빅
59,F,146.8,52.2,41.9,97,135.4,152,HARD,체조
42,F,164.6,54.8,21.5,97,145.6,129,EASY,필라테스
29,F,163,47.6,25.7,97,153.4,146,NORMAL,요가
24,F,168.2,58.2,21.1,97,156.4,144,NORMAL,골프
21,F,155,53.7,33.9,97,158.2,162,HARD,볼링
61,M,168,60.1,17.7,97,134.2,133,HARD,탁구
61,F,153,47.7,22.7,97,134.2,146,HARD,등산
25,M,175.7,81.4,29.4,98,156.2,163,HARD,필라테스
56,F,161.5,53.3,31.6,98,137.6,156,HARD,요가
28,M,179.7,74.5,14.8,98,154.4,142,NORMAL,태보
22,M,183.2,75.8,9,98,158,137,EASY,암벽등반
20,M,181.6,60.6,17.7,98,159.2,138,EASY,헬스
20,M,173.4,76.5,16,98,159.2,141,EASY,승마
20,F,164,57,25.1,98,159.2,159,HARD,자전거 라이딩
64,F,151.4,56,38.4,98,132.8,168,HARD,캐치볼
22,M,186.7,79.7,17.4,98,158,134,EASY,풋살
41,F,156,50,14.7,98,146.6,138,NORMAL,걷기
25,F,170.9,55,26.7,98,156.2,184,HARD,조깅
53,F,155.3,58.6,35.3,98,139.4,152,HARD,런닝머신
61,M,158.5,70.3,34,98,134.6,125,NORMAL,사이클링
18,M,174.3,59.9,18.6,98,160.4,160,HARD,수영
49,F,161.2,60,27.7,98,141.8,151,HARD,댄스
43,M,166.8,76.7,30.2,98,145.4,160,HARD,에어로빅
25,M,175,69.5,17,98,156.2,113,EASY,체조
45,M,175.2,84.7,25.6,98,144.2,129,EASY,필라테스
24,F,161.8,48.1,24.6,98,156.8,133,EASY,요가
34,M,172.5,73.6,27.6,98,150.8,128,EASY,골프
27,M,180.9,73.6,7.1,98,155,136,EASY,볼링
62,M,168.5,68.7,22.7,98,134,148,HARD,탁구
39,F,160,48.7,28.7,98,147.8,154,HARD,등산
45,F,154.7,49.7,25.1,98,144.2,134,NORMAL,필라테스
32,M,175.7,85.7,29.6,98,152,140,NORMAL,요가
19,M,184.9,93.7,21.4,98,159.8,138,EASY,태보
27,F,148.6,51.2,32,98,155,181,HARD,암벽등반
56,F,150.9,67.4,41.3,98,137.6,152,HARD,헬스
32,M,174,89,31.4,98,152,136,EASY,승마
59,F,150,55.8,37.8,98,135.8,107,EASY,자전거 라이딩
25,F,164.7,55.7,27.8,98,156.2,158,HARD,캐치볼
26,F,165.2,52.8,24.3,98,155.6,132,EASY,풋살
22,F,163,53.4,27.1,98,158,140,EASY,걷기
30,F,163.3,55.5,33.5,98,153.2,163,HARD,조깅
24,F,165.9,50.6,23.7,98,156.8,,EASY,런닝머신
39,M,175,75,17.9,98,147.8,128,EASY,사이클링
21,F,166,48.6,26.7,98,158.6,140,EASY,수영
26,F,169,48.9,29.6,98,155.6,111,EASY,댄스
60,M,175.2,78.2,27.8,98,135.2,132,HARD,에어로빅
31,M,175,84.5,29.2,98,152.6,119,EASY,체조
18,M,174.6,88.9,26.8,98,160.4,139,EASY,필라테스
53,F,149.6,52.3,33.5,98,139.4,149,HARD,요가
23,F,168.7,46.8,21.7,98,157.4,154,HARD,골프
51,F,161.2,64.7,37.5,98,140.6,149,HARD,볼링
20,M,176.5,81.1,21.8,98,159.2,156,HARD,탁구
18,M,184.3,77.9,21.2,98,160.4,139,EASY,등산
17,F,162.8,62.2,32.5,98,161,150,NORMAL,필라테스
18,M,175.1,90.8,22.2,98,160.4,148,NORMAL,요가
20,M,173.1,69.4,11.3,98,159.2,144,EASY,태보
20,F,176.5,62.6,26.4,98,159.2,164,HARD,암벽등반
23,M,185.2,82.6,20.9,98,157.4,146,NORMAL,헬스
51,F,156.7,49.2,21.8,98,140.6,143,HARD,승마
46,F,159.2,49.9,23.2,98,143.6,104,EASY,자전거 라이딩
18,F,158,49.4,29.5,98,160.4,140,EASY,캐치볼
23,M,170.4,56.5,9.8,98,157.4,136,EASY,풋살
44,F,157.7,65.1,38.9,98,144.8,146,HARD,걷기
57,F,156.4,61.6,37.3,98,137,166,HARD,조깅
23,F,160.7,74,39.5,98,157.4,139,EASY,런닝머신
18,F,153.2,43.8,21.7,98,160.4,154,NORMAL,사이클링
46,F,157.1,54.8,29,98,143.6,130,NORMAL,수영
17,F,160.4,62.08,28.3,98,161,154,NORMAL,댄스
63,M,169.9,69.6,23,99,133.8,136,HARD,에어로빅
31,F,159.9,56.1,27.7,99,153,148,HARD,체조
51,F,156.6,65,35.4,99,141,160,HARD,필라테스
50,F,169.5,55.2,29.8,99,141.6,144,HARD,요가
21,F,163.2,51.6,30,99,159,173,HARD,골프
18,M,177.3,80.7,19.6,99,160.8,129,EASY,볼링
24,F,168.5,94.2,43.6,99,157.2,160,HARD,탁구
18,F,165.6,75.7,37.1,99,160.8,180,HARD,등산
25,F,167.5,56.4,26.7,99,156.6,154,HARD,필라테스
39,M,169.7,75.8,25.4,99,148.2,150,HARD,요가
42,F,157.5,64.7,40.3,99,146.4,122,EASY,태보
25,F,160,55.3,32.8,99,156.6,160,HARD,암벽등반
19,F,167.7,83.1,37.8,99,160.2,151,NORMAL,헬스
51,F,164.7,60.7,30,99,141,182,HARD,승마
23,F,169.8,86.3,35.6,99,157.8,162,HARD,자전거 라이딩
29,M,175.4,71.1,15.3,99,154.2,136,EASY,캐치볼
26,F,162.3,52.3,31.9,99,156,140,EASY,풋살
61,M,169.6,72.8,26,99,135,141,HARD,걷기
21,F,163.9,60.8,34.1,99,159,144,EASY,조깅
49,M,177.5,72.5,14.6,99,142.2,140,HARD,런닝머신
18,M,169.1,60.1,13.3,99,160.8,129,EASY,사이클링
50,F,156,61,36.7,99,141.6,137,HARD,수영
21,F,163.5,58.2,26.4,99,159,112,EASY,댄스
62,M,177.2,72.2,24.6,99,134.4,150,HARD,에어로빅
38,F,162.8,117.5,51.4,99,148.8,157,HARD,체조
24,F,148,44.1,27.4,99,157.2,130,EASY,필라테스
18,M,163.7,64.8,20,99,160.8,145,EASY,요가
18,M,164.5,66.3,17.1,99,160.8,139,EASY,골프
17,M,177.5,71,18.5,99,161.4,144,EASY,볼링
18,M,181.7,75.2,9,99,160.8,133,EASY,탁구
19,F,158.7,61.1,30.5,99,160.2,148,NORMAL,등산
61,M,167.8,59.9,17.2,99,135,142,HARD,필라테스
25,F,157.8,45.4,21.7,99,156.6,160,HARD,요가
61,F,162.1,56.5,24.8,99,135,145,HARD,태보
22,M,177.4,65.5,12.7,99,158.4,127,EASY,암벽등반
46,M,169.5,89.9,38.4,99,144,130,NORMAL,헬스
25,F,164,50.3,26.9,99,156.6,102,EASY,승마
18,M,175.7,92,25.4,99,160.8,133,EASY,자전거 라이딩
23,M,173.7,75,15,99,157.8,154,HARD,캐치볼
36,M,177.1,80.1,19.1,99,150,141,NORMAL,풋살
34,F,166.5,105.6,45.6,99,151.2,146,NORMAL,걷기
26,F,167.5,52.2,28.8,99,156,184,HARD,조깅
50,F,161.1,47.7,23,99,141.6,170,HARD,런닝머신
27,F,159.4,45.4,24,99,155.4,153,HARD,사이클링
18,M,173.4,56.6,9.5,99,160.8,150,NORMAL,수영
20,F,157.9,46.9,27.1,99,159.6,153,NORMAL,댄스
21,F,166,65.6,33,99,159,152,NORMAL,에어로빅
36,F,169.9,63.9,30.1,99,150,147,HARD,체조
18,M,171.5,76.2,20.2,99,160.8,129,EASY,필라테스
58,M,153.2,56.9,25.8,99,136.8,157,HARD,요가
22,F,167,47.3,24.1,99,158.4,150,NORMAL,골프
42,F,166.6,73.7,41.3,99,146.4,156,HARD,볼링
60,F,150.9,47.4,27.4,99,135.6,154,HARD,탁구
23,F,164.2,54.4,32.1,99,157.8,158,HARD,등산
35,M,174.7,72.6,23.8,99,150.6,133,EASY,필라테스
27,F,170.7,63.4,27.9,99,155.4,140,EASY,요가
54,F,162.1,64.9,38,99,139.2,153,HARD,태보
23,F,171.6,59.3,23.9,99,157.8,153,HARD,암벽등반
24,M,169.8,63,14.8,99,157.2,134,EASY,헬스
24,F,166.9,47.5,25.6,99,157.2,158,HARD,승마
23,F,164.6,51.7,24.3,99,157.8,165,HARD,자전거 라이딩
24,F,163.9,51.2,18.1,99,157.2,159,HARD,캐치볼
51,F,154.9,52.8,24.2,99,141,147,HARD,풋살
18,M,177.7,65.2,14.1,99,160.8,130,EASY,걷기
22,F,167,46.5,23.1,99,158.4,157,HARD,조깅
59,F,154.8,59.6,41.8,99,136.2,141,HARD,런닝머신
18,M,178.6,87.3,22,99,160.8,138,EASY,사이클링
25,F,165.4,54.1,29.8,99,156.6,166,HARD,수영
28,F,159.6,57.4,33.8,99,154.8,167,HARD,댄스
27,M,179.8,87.6,24.3,99,155.4,109,EASY,에어로빅
39,F,173.1,73.1,35.9,99,148.2,160,HARD,체조
56,M,176.7,71.1,18.5,99,138,146,HARD,필라테스
18,M,175.8,66.9,15,99,160.8,145,EASY,요가
18,M,169.4,55.1,18.1,100,161.2,134,EASY,골프
27,M,172.7,92.4,34.6,100,155.8,147,NORMAL,볼링
43,F,162,70.1,35,100,146.2,156,HARD,탁구
35,F,173.6,61.6,29.3,100,151,164,HARD,등산
23,F,166.3,48.6,22.4,100,158.2,148,NORMAL,필라테스
18,M,178,64.2,15.1,100,161.2,145,EASY,요가
27,M,173.5,61.5,15.1,100,155.8,137,EASY,태보
18,M,163.5,59,14.2,100,161.2,135,EASY,암벽등반
25,M,171.1,72.3,19.2,100,157,134,EASY,헬스
22,F,161.9,54,30,100,158.8,150,NORMAL,승마
59,F,158,68.2,37.1,100,136.6,167,HARD,자전거 라이딩
24,F,162.5,51.4,19.4,100,157.6,150,NORMAL,캐치볼
53,M,153.8,70.7,39.6,100,140.2,151,HARD,풋살
18,F,160.1,56.8,29.5,100,161.2,143,EASY,걷기
20,M,179.6,87,26,100,160,151,NORMAL,조깅
20,F,159.9,49.3,31.3,100,160,171,HARD,런닝머신
21,F,166.5,63.8,27.8,100,159.4,160,HARD,사이클링
21,M,169.7,63.7,16,100,159.4,135,EASY,수영
22,F,170.7,58.4,27,100,158.8,155,HARD,댄스
64,M,168,75.3,24.2,100,133.6,135,HARD,에어로빅
17,M,171,99.3,29.6,100,161.8,161,HARD,체조
56,M,169,71.4,22.8,100,138.4,148,HARD,필라테스
17,M,167,66.8,19.4,100,161.8,143,EASY,요가
17,M,175.3,91.1,25,100,161.8,169,HARD,골프
24,F,170.5,57.6,27.8,100,157.6,167,HARD,볼링
24,F,167.5,46.7,17.6,100,157.6,151,NORMAL,탁구
35,M,179,87.4,24.7,100,151,155,HARD,등산
26,M,183.7,93.5,25.1,100,156.4,134,EASY,필라테스
20,M,168.9,78,26.3,100,160,167,HARD,요가
37,F,164.5,82.5,46.7,100,149.8,174,HARD,태보
23,F,162.8,52.3,31.7,100,158.2,151,NORMAL,암벽등반
18,M,172.1,73.5,26.5,100,161.2,148,NORMAL,헬스
24,F,167.1,53.6,28.8,100,157.6,166,HARD,승마
19,F,157.1,56.6,30.7,100,160.6,150,NORMAL,자전거 라이딩
62,M,177.3,68.8,18.1,100,134.8,165,HARD,캐치볼
18,F,163.7,57.3,28.1,100,161.2,152,NORMAL,풋살
18,F,157.8,53.1,26.3,100,161.2,169,HARD,걷기
24,F,169.7,51.8,24.4,100,157.6,138,EASY,조깅
29,F,167.5,53.9,20.9,100,154.6,150,HARD,런닝머신
58,M,177.7,85.4,25.4,100,137.2,145,HARD,사이클링
18,M,168.5,58.5,13.5,100,161.2,151,NORMAL,수영
24,F,168.9,50.7,17.3,100,157.6,161,HARD,댄스
18,M,170,63.2,21.7,100,161.2,143,EASY,에어로빅
26,F,164.8,63.3,32.4,100,156.4,166,HARD,체조
17,F,174.1,62,24.2,100,161.8,156,NORMAL,필라테스
35,F,159.1,59.1,37,100,151,149,HARD,요가
22,F,164.8,58.6,25.5,100,158.8,173,HARD,골프
25,F,164.4,49,26.6,100,157,146,NORMAL,볼링
18,F,152.4,59.1,33.9,100,161.2,130,EASY,탁구
21,F,178,59.4,28.7,100,159.4,155,HARD,등산
38,F,167.2,65,31.1,100,149.2,161,HARD,필라테스
42,F,160.1,71.1,39.4,100,146.8,151,HARD,요가
62,M,172.3,74.4,18.9,100,134.8,114,EASY,태보
45,M,177.4,80.6,23.7,100,145,104,EASY,암벽등반
50,M,172,72.7,32,100,142,121,EASY,헬스
45,F,160.9,66.5,29.1,100,145,139,NORMAL,승마
18,F,160,51.2,24.7,100,161.2,160,HARD,자전거 라이딩
20,F,163.8,67.6,37.5,100,160,160,HARD,캐치볼
46,M,176.5,94.8,26,101,144.8,144,HARD,풋살
45,M,174.5,88.7,31.4,101,145.4,141,HARD,걷기
48,M,169.2,79,29.1,101,143.6,147,HARD,조깅
56,M,177.5,63.9,18.9,101,138.8,147,HARD,런닝머신
18,F,163.2,54.8,24,101,161.6,151,NORMAL,사이클링
17,F,169.8,56,23.9,101,162.2,145,EASY,수영
19,M,182.5,84.1,16.3,101,161,136,EASY,댄스
18,M,172.8,63,17.8,101,161.6,151,NORMAL,에어로빅
30,F,162.3,46.6,22.3,101,154.4,157,HARD,체조
62,F,150.5,53,35.1,102,135.6,154,HARD,필라테스
58,F,150.3,52.3,35.7,102,138,143,HARD,요가
24,F,170.8,55.6,22,102,158.4,172,HARD,골프
21,M,167.9,64.9,12.8,102,160.2,142,EASY,볼링
19,F,167.3,69.1,30.9,102,161.4,158,HARD,탁구
24,F,170.6,53.5,27.2,102,158.4,156,HARD,등산
23,F,164.3,58.3,33.5,102,159,142,EASY,필라테스
33,F,168.2,72.5,33.1,102,153,157,HARD,요가
24,F,164.8,49.4,25.2,102,158.4,146,NORMAL,태보
47,F,168.3,62.7,33.4,103,145,169,HARD,암벽등반
18,M,178,61.8,8.3,103,162.4,142,EASY,헬스
30,M,177.4,79.9,24.4,103,155.2,149,NORMAL,승마
34,M,180.5,99.4,29.4,103,152.8,128,EASY,자전거 라이딩
27,F,176.7,70.2,26.9,103,157,145,NORMAL,캐치볼
25,F,163.8,48.3,21.2,103,158.2,145,NORMAL,풋살
55,M,169.5,73,23.8,103,140.2,148,HARD,걷기
24,F,171.4,49.3,21,103,158.8,156,HARD,조깅
24,M,168.5,52.3,15.3,103,158.8,139,EASY,런닝머신
57,F,146.9,54.6,40.3,103,139,142,HARD,사이클링
18,M,171.9,75.3,24,103,162.4,140,EASY,수영
18,M,172.5,55.9,10.1,103,162.4,136,EASY,댄스
19,M,171.9,65.9,15.1,103,161.8,151,NORMAL,에어로빅
17,M,167.7,92.8,33.2,104,163.4,151,NORMAL,체조
25,F,163.7,60.2,31.4,104,158.6,144,NORMAL,필라테스
22,M,175.2,61.8,15.5,104,160.4,157,HARD,요가
22,F,163.6,48.3,30.1,104,160.4,156,HARD,골프
29,M,170.3,76.6,25.6,104,156.2,141,EASY,볼링
33,F,155.2,49.6,24.3,104,153.8,146,NORMAL,탁구
25,M,173.1,87.6,34.9,104,158.6,145,NORMAL,등산
26,F,160.8,46,21,104,158,144,NORMAL,필라테스
26,F,171.5,55.3,24.5,104,158,148,NORMAL,요가
19,F,162,52.5,29.3,104,162.2,97,EASY,태보
26,F,172.4,70.5,27.8,104,158,150,NORMAL,암벽등반
24,F,165.5,50.2,22.8,104,159.2,145,NORMAL,헬스
21,F,156.1,50.4,32.9,104,161,172,HARD,승마
24,M,167.7,65.7,13.2,104,159.2,134,EASY,자전거 라이딩
54,F,158.9,50.5,27.2,105,141.6,151,HARD,캐치볼
53,F,154.5,83.1,49.1,105,142.2,146,HARD,풋살
54,F,156.3,63.9,39.1,105,141.6,,EASY,걷기
50,F,152,45.6,23.1,105,144,135,NORMAL,조깅
41,F,160.2,45.1,18.1,105,149.4,145,HARD,런닝머신
20,F,166.5,53.3,22.5,105,162,154,NORMAL,사이클링
34,M,178.4,93.9,26,105,153.6,128,EASY,수영
22,F,169.2,68.9,30.1,105,160.8,140,EASY,댄스
23,F,166.1,56,28,105,160.2,145,EASY,에어로빅
22,M,186.4,71.3,17.8,105,160.8,125,EASY,체조
32,M,171.5,78,29.3,105,154.8,148,NORMAL,필라테스
49,F,166.7,63.4,29.7,105,144.6,159,HARD,요가
19,F,160.4,65.5,31.1,106,163,143,EASY,골프
23,F,161.6,58.4,32.8,106,160.6,163,HARD,볼링
22,F,163,55,28.2,106,161.2,157,HARD,탁구
53,F,163.2,51.8,27,106,142.6,158,HARD,등산
24,F,166.5,52.9,28.3,106,160,175,HARD,필라테스
43,M,187.6,72.7,21.6,106,148.6,139,NORMAL,요가
26,F,158,52.1,29.5,106,158.8,156,HARD,태보
27,M,171.6,99.8,34,106,158.2,156,HARD,암벽등반
50,M,171.5,72.5,29.3,106,144.4,163,HARD,헬스
31,F,157.5,66.4,37.4,106,155.8,175,HARD,승마
24,F,169.2,59.4,27.8,106,160,158,HARD,자전거 라이딩
20,M,169.6,57.1,9,106,162.4,152,NORMAL,캐치볼
22,F,164.2,63.8,33.5,106,161.2,136,EASY,풋살
22,F,170.1,56.4,28.1,106,161.2,164,HARD,걷기
62,M,167.9,74.5,28,107,137.6,137,HARD,조깅
26,M,171.6,68.3,22.4,107,159.2,149,NORMAL,런닝머신
28,M,169.5,83,35.9,107,158,148,NORMAL,사이클링
25,M,174.9,68.7,20,107,159.8,154,NORMAL,수영
21,M,169.7,73,20.5,107,162.2,144,EASY,댄스
22,M,172.1,73.5,15.1,107,161.6,177,HARD,에어로빅
37,F,161.5,46,25.6,107,152.6,170,HARD,체조
55,F,156.9,45.6,27.6,108,142.2,165,HARD,필라테스
21,F,151,46.9,28.5,108,162.6,145,EASY,요가
18,M,179.7,88.3,9.6,108,164.4,149,EASY,골프
25,F,165.4,49.4,27.8,109,160.6,163,HARD,볼링
29,M,167.4,80.8,26.3,109,158.2,147,NORMAL,탁구
60,M,177.2,79.6,30.6,109,139.6,146,HARD,등산
60,M,179.1,78.5,20.8,109,139.6,134,NORMAL,필라테스
24,F,171.1,62.8,23.5,109,161.2,135,EASY,요가
17,F,157.4,53.9,33.9,109,165.4,161,HARD,태보
21,F,159.6,57.9,37.3,109,163,176,HARD,암벽등반
18,F,165.6,54.5,30.6,109,164.8,153,NORMAL,헬스
24,F,162.8,54.6,31.6,110,161.6,175,HARD,승마
19,M,171.8,83.7,32.7,110,164.6,160,HARD,자전거 라이딩
18,M,167.8,65.1,14.8,110,165.2,135,EASY,캐치볼
26,F,162.5,53.4,32.5,110,160.4,87,EASY,풋살
19,M,179.5,81.1,22.7,110,164.6,158,NORMAL,걷기
25,F,163.6,44.3,24.6,110,161,163,HARD,조깅
26,F,159.3,44.4,23.4,110,160.4,145,EASY,런닝머신
50,F,159.4,56.5,34.1,110,146,160,HARD,사이클링
18,M,173.1,79.5,23.9,110,165.2,153,NORMAL,수영
18,M,178.6,71.4,15.6,110,165.2,156,NORMAL,댄스
26,M,171.7,72.8,19.9,111,160.8,139,EASY,에어로빅
18,F,162.5,51.1,20.9,111,165.6,168,HARD,체조
19,F,165,81.4,43.7,111,165,165,HARD,필라테스
19,F,169.4,69.1,34.1,112,165.4,160,NORMAL,요가
62,M,168.5,62.9,18.6,112,139.6,147,HARD,골프
52,F,165.5,62,33.2,112,145.6,177,HARD,볼링
18,M,178.6,80.3,23.5,112,166,146,EASY,탁구
19,M,179.5,71.7,16.4,112,165.4,148,EASY,등산
34,F,168.5,76.6,33.6,112,156.4,180,HARD,필라테스
26,M,172.3,58.6,15.4,113,161.6,154,NORMAL,요가
27,M,169.8,69.1,13.3,113,161,124,EASY,태보
21,F,169.2,55.9,31.9,113,164.6,161,HARD,암벽등반
41,F,165,70.8,35.2,114,153,163,HARD,헬스
62,F,149.3,43.4,26.8,114,140.4,168,HARD,승마
57,F,158,49.1,37.1,114,143.4,149,HARD,자전거 라이딩
34,M,169.1,74.9,23.8,115,157.6,154,HARD,캐치볼
24,F,166.5,56.3,25.5,115,163.6,156,NORMAL,풋살
58,M,153.1,56.6,24.2,115,143.2,165,HARD,걷기
18,M,178.8,66.4,12.4,115,167.2,144,EASY,조깅
18,M,170,75.8,20.8,115,167.2,147,EASY,런닝머신
19,F,160.4,60.3,36.9,116,167,163,HARD,사이클링
19,F,164.3,52.5,26.8,116,167,157,NORMAL,수영
49,F,162.3,51.2,25.9,117,149.4,154,HARD,댄스
25,F,166.5,53.3,29.7,117,163.8,162,HARD,에어로빅
24,F,152.7,85.9,49.6,117,164.4,179,HARD,체조
19,M,175,66.8,16.6,117,167.4,149,EASY,필라테스
22,M,167.7,62,17.2,118,166,155,NORMAL,요가
29,F,166.1,75.7,36.6,119,162.2,179,HARD,골프
23,F,154.8,43.9,27.8,120,166.2,118,EASY,볼링
19,M,175,67.3,15.8,121,169,144,EASY,탁구
24,F,164.3,52.8,34.7,121,166,170,HARD,등산
18,M,177.2,75.2,16,121,169.6,151,EASY,필라테스
17,M,175.5,59.3,11,122,170.6,154,EASY,요가
22,F,169.4,51.5,25.6,122,167.6,165,HARD,태보
25,F,156.6,51.6,32.3,123,166.2,166,HARD,암벽등반
18,M,177.1,78,22.1,123,170.4,153,EASY,헬스
18,M,180.6,96.5,26.6,123,170.4,191,HARD,승마
18,F,164.3,54.5,25,125,171.2,174,HARD,자전거 라이딩
57,F,161.4,74.8,42.1,126,148.2,174,HARD,캐치볼
25,F,167,56,26,126,167.4,177,HARD,풋살
18,F,157.5,44.4,22.8,126,171.6,170,HARD,걷기
19,M,174.9,77.5,22.6,127,171.4,175,HARD,조깅
16,M,169.2,60.9,14.6,128,173.6,140,EASY,런닝머신
19,F,167.8,104.5,37.8,129,172.2,167,NORMAL,사이클링
49,F,162.8,52.3,26.5,129,154.2,166,HARD,수영
18,M,170,75.7,19.7,129,172.8,141,EASY,댄스
29,M,172.7,86.2,31.2,130,166.6,168,HARD,에어로빅
22,F,158.7,48.1,31.8,133,172,175,HARD,체조
36,F,168.6,60.1,27.2,134,164,167,HARD,필라테스
42,M,171.9,63.2,20.2,136,161.2,175,HARD,요가
